-- phpMyAdmin SQL Dump
-- version 5.1.1
-- https://www.phpmyadmin.net/
--
-- Host: 127.0.0.1
-- Generation Time: Jun 09, 2022 at 09:42 AM
-- Server version: 10.4.21-MariaDB
-- PHP Version: 8.0.10

SET SQL_MODE = "NO_AUTO_VALUE_ON_ZERO";
START TRANSACTION;
SET time_zone = "+00:00";


/*!40101 SET @OLD_CHARACTER_SET_CLIENT=@@CHARACTER_SET_CLIENT */;
/*!40101 SET @OLD_CHARACTER_SET_RESULTS=@@CHARACTER_SET_RESULTS */;
/*!40101 SET @OLD_COLLATION_CONNECTION=@@COLLATION_CONNECTION */;
/*!40101 SET NAMES utf8mb4 */;

--
-- Database: `forward_secure_public_key_encry`
--

-- --------------------------------------------------------

--
-- Table structure for table `auth_group`
--

CREATE TABLE `auth_group` (
  `id` int(11) NOT NULL,
  `name` varchar(150) NOT NULL
) ENGINE=InnoDB DEFAULT CHARSET=utf8mb4;

-- --------------------------------------------------------

--
-- Table structure for table `auth_group_permissions`
--

CREATE TABLE `auth_group_permissions` (
  `id` bigint(20) NOT NULL,
  `group_id` int(11) NOT NULL,
  `permission_id` int(11) NOT NULL
) ENGINE=InnoDB DEFAULT CHARSET=utf8mb4;

-- --------------------------------------------------------

--
-- Table structure for table `auth_permission`
--

CREATE TABLE `auth_permission` (
  `id` int(11) NOT NULL,
  `name` varchar(255) NOT NULL,
  `content_type_id` int(11) NOT NULL,
  `codename` varchar(100) NOT NULL
) ENGINE=InnoDB DEFAULT CHARSET=utf8mb4;

--
-- Dumping data for table `auth_permission`
--

INSERT INTO `auth_permission` (`id`, `name`, `content_type_id`, `codename`) VALUES
(1, 'Can add log entry', 1, 'add_logentry'),
(2, 'Can change log entry', 1, 'change_logentry'),
(3, 'Can delete log entry', 1, 'delete_logentry'),
(4, 'Can view log entry', 1, 'view_logentry'),
(5, 'Can add permission', 2, 'add_permission'),
(6, 'Can change permission', 2, 'change_permission'),
(7, 'Can delete permission', 2, 'delete_permission'),
(8, 'Can view permission', 2, 'view_permission'),
(9, 'Can add group', 3, 'add_group'),
(10, 'Can change group', 3, 'change_group'),
(11, 'Can delete group', 3, 'delete_group'),
(12, 'Can view group', 3, 'view_group'),
(13, 'Can add user', 4, 'add_user'),
(14, 'Can change user', 4, 'change_user'),
(15, 'Can delete user', 4, 'delete_user'),
(16, 'Can view user', 4, 'view_user'),
(17, 'Can add content type', 5, 'add_contenttype'),
(18, 'Can change content type', 5, 'change_contenttype'),
(19, 'Can delete content type', 5, 'delete_contenttype'),
(20, 'Can view content type', 5, 'view_contenttype'),
(21, 'Can add session', 6, 'add_session'),
(22, 'Can change session', 6, 'change_session'),
(23, 'Can delete session', 6, 'delete_session'),
(24, 'Can view session', 6, 'view_session'),
(25, 'Can add user_ register', 7, 'add_user_register'),
(26, 'Can change user_ register', 7, 'change_user_register'),
(27, 'Can delete user_ register', 7, 'delete_user_register'),
(28, 'Can view user_ register', 7, 'view_user_register'),
(29, 'Can add upload_file', 8, 'add_upload_file'),
(30, 'Can change upload_file', 8, 'change_upload_file'),
(31, 'Can delete upload_file', 8, 'delete_upload_file'),
(32, 'Can view upload_file', 8, 'view_upload_file'),
(33, 'Can add request_ token', 9, 'add_request_token'),
(34, 'Can change request_ token', 9, 'change_request_token'),
(35, 'Can delete request_ token', 9, 'delete_request_token'),
(36, 'Can view request_ token', 9, 'view_request_token'),
(37, 'Can add request_file', 10, 'add_request_file'),
(38, 'Can change request_file', 10, 'change_request_file'),
(39, 'Can delete request_file', 10, 'delete_request_file'),
(40, 'Can view request_file', 10, 'view_request_file');

-- --------------------------------------------------------

--
-- Table structure for table `auth_user`
--

CREATE TABLE `auth_user` (
  `id` int(11) NOT NULL,
  `password` varchar(128) NOT NULL,
  `last_login` datetime(6) DEFAULT NULL,
  `is_superuser` tinyint(1) NOT NULL,
  `username` varchar(150) NOT NULL,
  `first_name` varchar(150) NOT NULL,
  `last_name` varchar(150) NOT NULL,
  `email` varchar(254) NOT NULL,
  `is_staff` tinyint(1) NOT NULL,
  `is_active` tinyint(1) NOT NULL,
  `date_joined` datetime(6) NOT NULL
) ENGINE=InnoDB DEFAULT CHARSET=utf8mb4;

-- --------------------------------------------------------

--
-- Table structure for table `auth_user_groups`
--

CREATE TABLE `auth_user_groups` (
  `id` bigint(20) NOT NULL,
  `user_id` int(11) NOT NULL,
  `group_id` int(11) NOT NULL
) ENGINE=InnoDB DEFAULT CHARSET=utf8mb4;

-- --------------------------------------------------------

--
-- Table structure for table `auth_user_user_permissions`
--

CREATE TABLE `auth_user_user_permissions` (
  `id` bigint(20) NOT NULL,
  `user_id` int(11) NOT NULL,
  `permission_id` int(11) NOT NULL
) ENGINE=InnoDB DEFAULT CHARSET=utf8mb4;

-- --------------------------------------------------------

--
-- Table structure for table `django_admin_log`
--

CREATE TABLE `django_admin_log` (
  `id` int(11) NOT NULL,
  `action_time` datetime(6) NOT NULL,
  `object_id` longtext DEFAULT NULL,
  `object_repr` varchar(200) NOT NULL,
  `action_flag` smallint(5) UNSIGNED NOT NULL CHECK (`action_flag` >= 0),
  `change_message` longtext NOT NULL,
  `content_type_id` int(11) DEFAULT NULL,
  `user_id` int(11) NOT NULL
) ENGINE=InnoDB DEFAULT CHARSET=utf8mb4;

-- --------------------------------------------------------

--
-- Table structure for table `django_content_type`
--

CREATE TABLE `django_content_type` (
  `id` int(11) NOT NULL,
  `app_label` varchar(100) NOT NULL,
  `model` varchar(100) NOT NULL
) ENGINE=InnoDB DEFAULT CHARSET=utf8mb4;

--
-- Dumping data for table `django_content_type`
--

INSERT INTO `django_content_type` (`id`, `app_label`, `model`) VALUES
(1, 'admin', 'logentry'),
(9, 'adminapp', 'request_token'),
(3, 'auth', 'group'),
(2, 'auth', 'permission'),
(4, 'auth', 'user'),
(5, 'contenttypes', 'contenttype'),
(7, 'mainapp', 'user_register'),
(6, 'sessions', 'session'),
(10, 'userapp', 'request_file'),
(8, 'userapp', 'upload_file');

-- --------------------------------------------------------

--
-- Table structure for table `django_migrations`
--

CREATE TABLE `django_migrations` (
  `id` bigint(20) NOT NULL,
  `app` varchar(255) NOT NULL,
  `name` varchar(255) NOT NULL,
  `applied` datetime(6) NOT NULL
) ENGINE=InnoDB DEFAULT CHARSET=utf8mb4;

--
-- Dumping data for table `django_migrations`
--

INSERT INTO `django_migrations` (`id`, `app`, `name`, `applied`) VALUES
(1, 'contenttypes', '0001_initial', '2022-05-31 09:41:47.689817'),
(2, 'auth', '0001_initial', '2022-05-31 09:41:49.650056'),
(3, 'admin', '0001_initial', '2022-05-31 09:41:50.045594'),
(4, 'admin', '0002_logentry_remove_auto_add', '2022-05-31 09:41:50.074554'),
(5, 'admin', '0003_logentry_add_action_flag_choices', '2022-05-31 09:41:50.104834'),
(6, 'contenttypes', '0002_remove_content_type_name', '2022-05-31 09:41:50.297649'),
(7, 'auth', '0002_alter_permission_name_max_length', '2022-05-31 09:41:50.472081'),
(8, 'auth', '0003_alter_user_email_max_length', '2022-05-31 09:41:50.521688'),
(9, 'auth', '0004_alter_user_username_opts', '2022-05-31 09:41:50.540944'),
(10, 'auth', '0005_alter_user_last_login_null', '2022-05-31 09:41:50.656316'),
(11, 'auth', '0006_require_contenttypes_0002', '2022-05-31 09:41:50.664257'),
(12, 'auth', '0007_alter_validators_add_error_messages', '2022-05-31 09:41:50.686210'),
(13, 'auth', '0008_alter_user_username_max_length', '2022-05-31 09:41:50.722080'),
(14, 'auth', '0009_alter_user_last_name_max_length', '2022-05-31 09:41:50.767319'),
(15, 'auth', '0010_alter_group_name_max_length', '2022-05-31 09:41:50.802227'),
(16, 'auth', '0011_update_proxy_permissions', '2022-05-31 09:41:50.823170'),
(17, 'auth', '0012_alter_user_first_name_max_length', '2022-05-31 09:41:50.856660'),
(18, 'mainapp', '0001_initial', '2022-05-31 09:41:50.949932'),
(19, 'sessions', '0001_initial', '2022-05-31 09:41:51.068472'),
(20, 'mainapp', '0002_alter_user_register_user_image', '2022-06-01 06:29:26.284320'),
(21, 'userapp', '0001_initial', '2022-06-01 06:29:26.389924'),
(22, 'userapp', '0002_auto_20220601_1242', '2022-06-01 07:12:42.703727'),
(23, 'userapp', '0003_auto_20220601_1246', '2022-06-01 07:16:27.389518'),
(24, 'userapp', '0004_auto_20220602_1505', '2022-06-02 09:35:43.159879'),
(25, 'userapp', '0005_upload_file_user_name', '2022-06-02 09:38:08.032478'),
(26, 'userapp', '0006_alter_upload_file_file_size', '2022-06-02 09:46:01.649890'),
(27, 'userapp', '0007_alter_upload_file_file_size', '2022-06-02 09:46:43.586108'),
(28, 'userapp', '0008_upload_file_user', '2022-06-02 12:29:48.244133'),
(29, 'adminapp', '0001_initial', '2022-06-03 05:29:45.760562'),
(30, 'userapp', '0009_upload_file_request_mail', '2022-06-03 07:20:50.610249'),
(31, 'userapp', '0010_alter_upload_file_request_mail', '2022-06-03 07:41:17.500740'),
(32, 'adminapp', '0002_request_token_post_token', '2022-06-03 12:15:20.555604'),
(33, 'adminapp', '0003_alter_request_token_post_token', '2022-06-03 12:15:58.011977'),
(34, 'adminapp', '0004_alter_request_token_post_token', '2022-06-03 12:16:35.722690'),
(35, 'adminapp', '0005_alter_request_token_post_token', '2022-06-03 12:17:27.624021'),
(36, 'adminapp', '0006_alter_request_token_post_token', '2022-06-03 12:17:55.156133'),
(37, 'userapp', '0011_auto_20220606_1125', '2022-06-06 05:55:41.587301'),
(38, 'userapp', '0012_upload_file_screat_key', '2022-06-06 10:22:11.588210'),
(39, 'userapp', '0013_request_file', '2022-06-08 05:45:37.799199'),
(40, 'userapp', '0014_auto_20220608_1122', '2022-06-08 05:52:45.536376'),
(41, 'userapp', '0015_request_file_user_id', '2022-06-08 06:10:09.493861'),
(42, 'userapp', '0016_alter_request_file_status', '2022-06-08 07:53:14.698204'),
(43, 'userapp', '0017_alter_request_file_status', '2022-06-08 08:02:20.587161'),
(44, 'userapp', '0018_alter_request_file_status', '2022-06-08 08:14:39.346151'),
(45, 'userapp', '0019_request_file_user_file', '2022-06-08 11:11:00.700308');

-- --------------------------------------------------------

--
-- Table structure for table `django_session`
--

CREATE TABLE `django_session` (
  `session_key` varchar(40) NOT NULL,
  `session_data` longtext NOT NULL,
  `expire_date` datetime(6) NOT NULL
) ENGINE=InnoDB DEFAULT CHARSET=utf8mb4;

--
-- Dumping data for table `django_session`
--

INSERT INTO `django_session` (`session_key`, `session_data`, `expire_date`) VALUES
('01euv2nmbeyjy1bf4tzsd0vtskhxiut0', 'eyJlbWFpbCI6ImFuYW5kMTIzQGdtYWlsLmNvbSJ9:1nx0cO:nsLXHn49Xzdva04KaSy9OcnFDy9jk4q4R_q_56RoMQg', '2022-06-17 06:17:08.606530'),
('1s0bdwh9euvhh9e0riy88p27tu81hphq', 'eyJlbWFpbCI6InN1cnlhYW5hbmQ0NTZAZ21haWwuY29tIn0:1nyAkb:cl8OnrRFTaD1xAR3AbLqbVxevUQBTcLrIKKJIHXmvqU', '2022-06-20 11:18:25.538299'),
('22tsnb48ds3ptt1bgonf2vy5bnasxc39', 'eyJlbWFpbCI6ImFuYW5kMTIzQGdtYWlsLmNvbSJ9:1nyrlt:sD87fploy5azt265l72Rr9bHi9JhGWsthAACTBM2ybk', '2022-06-22 09:14:37.104007'),
('38n03dmcjofxc6qxhf5jjxiktyjqsidw', 'eyJlbWFpbCI6InN1cnlhMTIzQGdtYWlsLmNvbSJ9:1nwLb0:hcj0pRsxL4EFA8rfMYIwaZQ2nEdSWIPQtxWR5nP6nP8', '2022-06-15 10:28:58.423710'),
('6ammt8jyyj32pdm9ol8nqk5f3n8ytjcn', 'e30:1nvzom:L8ChOfYvdS50MmAVMntNDvLFKzYQF5Xv2eC5RhrqyOw', '2022-06-14 11:13:44.767851'),
('6draye6vybg6yixa1h0vva5mkg3nkukw', 'eyJlbWFpbCI6InN1cnlhYW5hbmQ0NTZAZ21haWwuY29tIn0:1nwGth:Eqs_1AvLfhmwSrdxiIasHN4-nmeJGMDC0DrITR41Kw4', '2022-06-15 05:27:57.188502'),
('j6qr6srh09tdw8o95opfad1hbhc816q0', 'e30:1nzCmR:Bu9LsBOpImQTpzZMuGf5JeyyuSjtKk_JvH1vOmWl7YU', '2022-06-23 07:40:35.864179'),
('xxkhtnow3uwgufsgeq0h219ygb12fmq2', 'eyJlbWFpbCI6InN1cnlhYW5hbmQ0NTZAZ21haWwuY29tIn0:1nw0mA:Oa-XiaUNZ5Z2GfbKHYIqoMXbE7cr6vQCKBDjMD6pizA', '2022-06-14 12:15:06.388062');

-- --------------------------------------------------------

--
-- Table structure for table `request_file`
--

CREATE TABLE `request_file` (
  `id` int(11) NOT NULL,
  `file_id` varchar(50) DEFAULT NULL,
  `file_name` varchar(50) DEFAULT NULL,
  `file_type` varchar(50) DEFAULT NULL,
  `file_size` longtext DEFAULT NULL,
  `screat_key` longtext DEFAULT NULL,
  `key` longtext DEFAULT NULL,
  `status` varchar(50) NOT NULL,
  `request_mail` varchar(100) DEFAULT NULL,
  `user_id` varchar(50) DEFAULT NULL,
  `user_file` varchar(100) NOT NULL
) ENGINE=InnoDB DEFAULT CHARSET=utf8mb4;

--
-- Dumping data for table `request_file`
--

INSERT INTO `request_file` (`id`, `file_id`, `file_name`, `file_type`, `file_size`, `screat_key`, `key`, `status`, `request_mail`, `user_id`, `user_file`) VALUES
(35, '151', 'aws files', '.html', '15.42 KB.', 'lh0bkp7yjm', '8wn-sHhD-S0rou5FWtFW2oWckz-8Lb4KxobqbLBM5jQ=', 'Accept', 'suryaanand456@gmail.com', '1', 'User/Files/captain-profile.html'),
(36, '152', 'this is 16kb files', '.html', '14.01 KB.', 'hfdptz20m8', 'IGMbTjgxqUT00hUpXiE5c8rCJkM260LFpOYGCf3ieIg=', 'Accept', 'suryaanand456@gmail.com', '1', 'User/Files/admin-view-bookings.html'),
(37, '152', 'this is 16kb files', '.html', '14.01 KB.', NULL, 'IGMbTjgxqUT00hUpXiE5c8rCJkM260LFpOYGCf3ieIg=', 'Pending', 'suryaanand456@gmail.com', '1', 'User/Files/admin-view-bookings.html');

-- --------------------------------------------------------

--
-- Table structure for table `request_token`
--

CREATE TABLE `request_token` (
  `id` int(11) NOT NULL,
  `user_name` varchar(50) NOT NULL,
  `user_email` varchar(100) DEFAULT NULL,
  `request_token` varchar(50) DEFAULT NULL,
  `datetime_created` datetime(6) NOT NULL,
  `post_token` varchar(50) NOT NULL
) ENGINE=InnoDB DEFAULT CHARSET=utf8mb4;

--
-- Dumping data for table `request_token`
--

INSERT INTO `request_token` (`id`, `user_name`, `user_email`, `request_token`, `datetime_created`, `post_token`) VALUES
(5, 'surya', 'anand123@gmail.com', 'exbqad', '2022-06-07 16:56:08.325345', 'exbqad'),
(9, 'surya', 'suryaanand456@gmail.com', 'cd9fcm', '2022-06-07 17:17:30.105519', 'cd9fcm'),
(10, 'surya', 'fchbj123@gmail.com', 'uyfmvt', '2022-06-09 13:07:48.460386', 'uyfmvt');

-- --------------------------------------------------------

--
-- Table structure for table `upload_file`
--

CREATE TABLE `upload_file` (
  `id` int(11) NOT NULL,
  `user_file` varchar(100) NOT NULL,
  `datetime_created` datetime(6) NOT NULL,
  `decription` longtext DEFAULT NULL,
  `key` longtext DEFAULT NULL,
  `file_data` longtext DEFAULT NULL,
  `file_name` varchar(50) DEFAULT NULL,
  `file_size` longtext DEFAULT NULL,
  `file_type` varchar(50) DEFAULT NULL,
  `user_name` varchar(50) DEFAULT NULL,
  `user_id` int(11) DEFAULT NULL
) ENGINE=InnoDB DEFAULT CHARSET=utf8mb4;

--
-- Dumping data for table `upload_file`
--

INSERT INTO `upload_file` (`id`, `user_file`, `datetime_created`, `decription`, `key`, `file_data`, `file_name`, `file_size`, `file_type`, `user_name`, `user_id`) VALUES
(137, 'User/Files/feedback.html', '2022-06-08 18:01:11.978805', 'feedback files', 'Imk6tnSOE2KZnp2pmvoPdjA-JjfF5snpiwcIUZW4-SY=', 'gAAAAABioJaQPp3xAjXQuMlaVSyZIpjYJJL-LQ9DEYplMA60sKCV1-3qX-01kifihWA3Z2i71yC6Yli2MhjAu6GHsBiVhG06hjlClsniGhlnPiBQkdA7aLCIsAyT9Cm2KM2e_q3JmZUW2_cRt62TN6bDWh9JHCTx1ExxcCWT7osK-HnOqBPCcFFrKamfeMoqMTUS4qPh4ZnQPM2v5n1JX2iReaPPdtQIk9FUXxoqo2u22EprjjzvF1iAfFrgleV6OXnz7Icj57gyRdOEWyyxMejPoR7i69AIhiWbDdO000pmOx01Jw2JTv9Y_U3p_hm_u4op2Sqnx9sZ-vFi_83zIHbU9JLGS4wF6ypGgVddio4-zG971Moohd-EtgEbCKXRaANrIWJI1SHHkRJobgDOuK6atOcc06Ywcxb9Ccwu8xsmiiJpWcjKR66R5cg31vXr43tybD0tmyOV1NYquMRGDoN0wosJBb1KjGEJggt-b-mgIgdJv7TapUqwgAlVzmSd7jo67E5MS9EGBDwsbgL9isUk4TGVbpVsuNcBGkLlSs6_ZIVTmaF3sfq8H1t3K1fN21D5ubMw0PrpwCbadWbWNAMfDc3iXm0ORxXUfElx1Xa43Md5CPKcnB9VX-ZMZBuqo0kkFI-Nk65opPY5GOOqCKgGty5AXrnfhWweZLKZ-LSJG_zIM6rLc7ovnptEsXZxDgotnR4vvavbBcnoxQP3x9OZml2hUi1cd9wL2FX39GBPbainZtwOrY7n8WDzLlWRCUF0oN3NgZVrYuFv5zZo3-R10dzxRusoeM6RNNmv--OqhonUoURacljijW81ayUrhlEVE0IMKmNNmnhLIZlUMCJwtd8f2KstzAhcU9pBo_rpCOPVb97UD0KxjHIK0hoaouhyVcN_P4gXpwT1wr-sPHiljAJ2QSV6PzHztX41JOywjpv-J3ZpzJb4r24Z53JPwh7BYr1w9gb6CZQjcWAZSXVZtlzr5TJ7vbH5b1Onv5WrBW4oQ_Ua3f_KXFWe-BMjnvjLM92ELVqkSUlY4OkjQKUmb2hDTNrJAfS0zYyqqGIyiN1-oj4p-mwv8Zf65hQQk-ehPPY7N3E0-a-980mzcrsLp7YLsEMVO3aVF2owHdeUQ6Y7vxDxqxUH77adRyItQQAuZHYOMybSoDnutCOSxn0_ubJ3e96Ph5NSBW7l_vCdV5bmNWgdVBM5nujNhFuTjJYA9xW7nrGWmtWOtWDEuyOh1GK1lZUaPpwTWPFxyVh_LLtd3u6ufPKp6I0KHxtMhCur8sGshwbfpITXuf4btbXxAjiapNh_kYInE8jFAv68Ix8fyqD3Mk1SLAnPssV2PsWYkVArXeu1VuDC0zesGzUCEMcJuGxp8wXUBnyi5oRLhHJbX2TET0R3sPPavBjQWfTIaj_fejURERDP1nEmZU5BOAsKqvSo52GHo6UEm1R4fQ8hvcf4qdHtLXG3WfYFDkAaO5xx6poSga-rBlKIXPX9rVubZa_VZg8sQrAtRFNPFMNn9fMLK3WD4zRvdRlNdjt6lR64XNbfPaEXZNsK1SplyLhcotjdY3BZYKjIE2tyla8HY7ctAQC78da9MtBHt4kJzEO7bqUHbcCV9r6uPqPv9f1XkgUJCbrno0pEjgIuYKEK9kTdTwCECgh1l2s46UwG8YGzbF5tR9hnWbG4GLVPluKwpJAn3_QG3CvZXfpfU3H3__NZTiAGIrXD_Bm2e9KKKkp1Ud2dRza379GVJ3dtTD1JTkHKV00cKDLNeqqZX5WxchAufbFqEIyrmafxwjcP5YfBGKPHQHCkB-Fo4tEDwVcmUpcdjFo9IW4aBj_5frnQ5Qz4D0CI9wN1jbf6cnwJh3wnrrfO87GV9ooqdYV093YgykSoyuXQFgEOdSBViThp7OjlhPLQmyZsEW1PUkdIV9zNUpTCe4ZrwrHYAg6RUpmGZV44ZMY0n3GHq2lyh7FbEfYUEU9MQx2Iezh21Hi3aF5pOm2rtnUuHF1vsvoxFh-djxXwtyWk3zVNXPqUWtuvDqPUdWnTVf6DuDND-Mg7uIm0YzEiHObJQTLkdGdtuDVLEWQRR9l8VmZvie7_5m4I_cE4l5M24Ki57VM3Q9YxAs107HX5FG5Y7Ewj9XzREGxi4kG_OuuzBJJusEysrXERwpj6-TQHHOpP78vUR-Hnh8EpEbOQbKsiV8_WEPslaJRLIUffS-HfSuAJxmqRLspmdMayZY2SADLufcv9LTKZ0cTLMkC_KYP_Bd2xW3g4HhTqnRdqiuxDDfdDhyekr8XC7ssKOmX_YD-CS_dagR7TETSCrpBzvWAmv6Mq_gIGMt7C7MpNbJzfYGQG4_G0WruJvbVrRd4ftggqcM3H8dTPjrwYn500A99AvYl3Cs_6Pd7YzGEc9b_SBCY5-BlMkEhS3jYzBoZA9HzpY8pz7kLa0hxVRShEpxPrUyFs37r4MMxL3c4ooR7noaQ-DhSzHXFaFkjj--IusEbOvju7FDLX0LP4zz-B9vUcWakZSkZ0Wh0SZy3eKUeQXAafoyKOa7nW7InebwSX4LpYg9-t9yqKkVp0duqHRR79I5qqaB4W2azCkmDbQykwE0_X_EgztDN1bnaNUVGdu3oEyQawE0Iz0KlIVfxSBDVofhwfYxyHV4Ojd10lw5an-z8vOGxeIoNtRURjx9nsRS3jUJCBTuYSNuxa4Gr3zxiEo_3-06Uill6SX7Tmk7Pxzes3ok0X8qPVAuIuOC6fHXnYhDSG2wnZ2KVLpygtZAkKgKkaNNUO6eQxrn81qXzXI6f7b8Ftxol3KiwAnFH5ZVl27J3YjmINwiKl5cqzsAKkPq8AlRaVoeVMjrTZmFXSyko0o1V9PFAJSDnw1Uq5l5Wk9csnkTYMrwW0TvvTnOlzpUZ7uBUZiw4YG7N3osLNvxxGrTNl9nEHcZUi7hnQor6OSX-I3ckTxoQSg0fxLzd6XlmNpEWqgIpocYfkwHDsdBL1iTjLlbnP8hl8nJr9ebIk9GAqnovg_5RhpnD_qNuheVd2_CcID165E6DiBDNz3h6BOKNgLJMyVRGPGF6icizs9NmBmTO42c-kne6gMvUyNtHjJGJn1Ome0av4wAJod72w7br5BJ3HxDgfe0PbSwBNf2oI5KM7rPMcGAcj16qTvI_hAuQmkEYY-YAIcuugk0eU9wsktSKHy4Z1FphjXsqSjnNIuw4L43ZpKvT9VsSJeuYqqDyGZNMaArckFwdxmU8ZB1Rj3QRoedy6YIHn_kM5hEtOAz_NK8Ji8Pi53mCPUzCREzTGtCLNwfi6Y9t9fxQt2vAtms5EuDFsp6LSCHY0DPWCPkBV7WmEINfhOd_UdLvHYmr9dU5t_O1lKq3gJoD8hlIU5S1c507_pdojgAskNP5SytSbqGbBLsSRBySydZgRTd2GfYpmvDiJGguQyMgEOf6f57HsYAyTz_vDMMLM-Y07-yjVVuRY9uqQh8CkNy38HkrYpZuj5B1WuVYnHYWjh2bPFi2yIdpZRU91xZ299qq8nreIM8g5nmqsRKjQjKjaot3pK6KchGs9W_9_H1a7KZPIqq-5RXFDXLmMK0ZaHatYIldOfeDE_sjJdDtcRYn9LYzTXtkdORdJhi6ugUPQfwkzTSp0VFPh8QTwTyP_FoaMGYA8QIYVngk0tZ-24N8n44lzmbtttmxCla-gUS9Erwg5mer8lrSjZ_pA4-bKiPcc3cnX83VyuEfJUvRCObOB8oJww5y05su_yLdmIQQKHs-Z-VcX6NZOCBCff56y82EeKNHf7_r18cy-k_SBCT5V-IXQrtgbTk-nLZ1isgBlG9Xs8ScyA0Ua1NUD0FdWvNoZ6nMavk1NpTFVyGtzJ10sGLa5-SG614SFK4MUWWMhqQBaY2dHDDqaL_KGtRFv7tcgzRjR2PEnokArnelzquZtwvR_vs0FI7HEILu9te0uOAEjyOMdKEesEu42_pgtERZ5rMWIrQl7nb3Z2LdhEP8JmyKEEx-YYjnZpzA-GclvO-k9Jj7FHCjw2XJsWtbQ_ai1kHdcX18H775KeNgfsYb_Si-aDEIaCH7W0WsI9wJhSFOZp1w3kHWdDmoboYpT1e5F5ene-6BaEqEx4Q_iBUUGj06okWXaJwaVvAMFuwi_32c25_laUm0XdcWHpJi_foMJWL2Aih8IJ65U94GvrG8IX3z9Ms-k4WozWCh_5rwkZAuYjMkj3O6pyDKlsqqcScTHifvakOM8Wjh6pPYjFRUfmfAQuRzbKVjP-lY7nVZYIMyTV7f7NRB-fYAHDCjXOQA18jof0KnF-YloeUWLMh_UFx1KZFAzPRH2O8xt4Iu0UtwQA4L4FO4loj-U-dRALUqpmRoTEWvEZ0UfTCLDsSshBYcxlmSogY7tHFnzO8rDF_cBlD29K4zpIhFhaFawzV3ja389P6Zk57PGnXNl5KjYezWS1Hee7EYXrRCOcotFPHtLQvR-rl2Jb_MMY_GfstGTu8Rdkxf5qP7wd2i4Ybulj7xzk0K_MKnOFxFRDtncauuAduk8zn60re2X5Oe5KpUWMYloRwlpqTU2r8ZBeUvaEUGScPfYN5khyiITEeZai1vKmLlvtNxjK1DYPm9yax8gFNXX5RUZSXsifZgXGazcWS963Gnf8LxZdQYo4Eyg7j70AS8HyyDJfORnj1qQxyDxo5hiKrnCPKgITk7vsURqtfmzc_wonF24NRmFnbRmrRqT9adxue9yI9RxKS2murI_Nfg8kXXQQg2h5TM5Hdo7MEvi-wllewJZo370pAQxzI7Hj6-G7LnoFaNJ4m5AVs1dGAzYVLS4U4V1v2TO6Y0l4puLD2_zGaUDJqg1CT8Rnl3oZuWHfrJQdj7BFw7smBzQWot9L2TbsS82yJVCtepJHQ1WJn_Vt7GkzSBO5boKE61vX4rscQMO-WLTvrohE7_fy0h9ZEmdkKWfJ-HRe256je99Lnp71DF8JIma0ifXxcz33Riy_cGQ-bGwe-Rj-1yno4VhwWtSzUO6cpeGVIvSj2-mV6YdJT0e-jxOOdgdPz2ZyKsRYGqMmdf9Xtp5deLOvOyQy-QTbwsvzdmW0rX5T4lbXxmd9yR9On8NJ6oVR1lL1cluXdUtuMwVqHp5W8JVPUkHV8YZJow0dDId2ODqt8QrfN8q6Uy6gO4PWDaBwIZmg_ZPNsA-a-ejkxZ45DYAONuioiGvOPwVojfvCGtyHsgGpCgVMVZI50_U8nK0qCDBVgPfZafCJ4VFTwyjF1Qc43BwBwU5baSRY4HtH66HgxRYU9VslHKVfdvZobYaWq2_ggxARqFJDu06Ayc46Eb6ZBPfA9M9i3Q1jH5buwIMQW69fJEoYZH2mWbabwBoNObIjvzQ6HzzlBvdiZvxgNcNrjS9gTqa9heMNFNbjwzfeR_ONhRKUt2MNr2Nz2oa1CTkpxjOTRuxrH_vg9goX4Jg47mIz4HqQFnl70cqjUGRS1zgscfpHfmYrqQR7tatqpzGMJ2ZdqvWNrwFpnoAWi9PKCrVs-QuGjTO1B760TODhZXcU3SWMU7X39HWEriFAxjGvPcpUZRbpCG-vg39C-k0YuzxWKDNZePrHidAn2cOctu6ylLkVyHGEVObqI6yOwdaR3CdFSqVuSLxbYjx5tW0Ad8QwBpeGp9wPn3npWO7zOwSu7jnzdh1p1uTO8ZF99_T14Cz6RNobF606pt9KY-17rnTOvXKqlve6EmnYs3oyYr-V9hqO2CMsRVAiYmbHBLKaK6naaQ4fgrQ70ztBF2Sv4YHqCnRqlsgC6nEqZx2LQiiDkfN8NLmHy6edCiI331Y4dMcL0AwaWbU0LrsBTQwyGAL8_U1AwHUHXbwiyIWnRvAjfDdxXPX6gmw23dDbwE4P9WEwZieiPXMg5pkksU8wEDoxCYaEnGyjNJ--tuVuZLz4uQIm4SscahT8JMSKK5Ko-WDO06vRHIcAoPV81EqRKP06IdurpT6NcYV3RYfPWT-TfAChm7EzELxZW6pEZu_wfbVIWIEkn803gowhlJK4kaP6bfp2UaAuPMhCrtOIRrJRnUnuNJi_CdfU6o9zQgSEzC23WWppFnNmaf5ge6I1dmRDFnBusFkl0rUsKtDlBgchurkGSUj553kVj5aKGqBStEz-CbiuFfuVfukIbg3tpiEr-1ZaLsUOxPfN27qVc-uD7bh2LQd_7tk3Fi1U2zkpDzonU9N_wxh0e9PjlxNp7KfLahiNB2p9SdTni_x1t61--_vlDzMnTuT3XUtSc3J8GK9RWhtJZHnAI8PjvFvP7lweqUb604oqmKYtQAvuHhTP95spmDorRmT4z9OTnAZSS0YyXfOsDQkTGiLe_4T6D-bIY1eEm565RuVJMxLL7cCt_CDp3XKNge8y2hP6X1kRPCC3ab1r7oN1jH3yjew6xeHDuj5DbBz5M_zJz_iujg5CiXWeH2sORI0vrr61Vg5yDzz3Gr2mFstcr5mMKR7y0qIVrXg6JA5-YoIQExW6wxF7RY3I2W9w1AZDgZoK41cHt-xOpG1rWe3xBdPVNgxj2RIRGS26vdRsL-4_UZfi5s5S0jgyDihSkqxsZYJM7rjjn1wWzOe1Mjvjt5VHuoGHOQeQvKBKVDNeyc90Ux0V6eHwjw1Y3Higi9PIguTvGHiEaLLV7M2IwGrn93fIcf5VSnL5_lHkOKQKi1VXIhvSQceqK3EHl8cu4--CpQP42y2XX3gG-tkqR4pmF9xYgJYtpVWXmGK9jutg3dUPotyi_uEuqI6_p3149Czx3VF-5GS8wquBU_fyEom6X6usCBepolb0M8ym2LCRjPY4a3CrPbXNmBNiCPgyHXMnHNlPx-Bouz3nnDtVZVNaq5t1q2elS5yioV-n4LKqGDTr0-KHNVBwU79_dprBUjH4VO153lF52tuOhz4axu11aeJtncishd-h-YBFjp1', 'html filess', '5.13 KB.', '.html', 'surya', 3),
(138, 'User/Files/partner-registration.html', '2022-06-08 18:05:53.146877', 'test files', '4pxt8MojadYDwDd5HkA000jId8PNpu72L4GfLQ1g13c=', 'gAAAAABioJepO20OH0LtjHRapYFTTKq0SWP5FSGP5Toy6bcr4v9UDNRwTg9epiUrr08s5RlgdURjlw72OkgoYyTlyq2g2GxfNiM--QIOjq_nKxQvkdiaP5IBCU5gp3CrcuQgLFdwTlC8YRUx5FM3HMh-4v7Bm3ZyuQlC_9f1jvYylwKLHfKES3bCrm0TP7S6uEkPB87iURZZS6fxodIiVEM_iggjNb6v8IavUp3OqoP3hDtRDv8VOg7G_0bX8XiCIMa312b089xYvBjS-fXPAQHRaYLVoOCXkxbgs3OMr2Hay64dTQu4MRqPcXjMLDitwF3rFXRKDsomaqPAfsjo1IUbe507hqb386kAxj0pc2jzF46q3-JzjOlu_OO04SP7cbQIZwWwXaaeE7SsAhSSDSU3LMbP8cD5hhMIRRFQBa4TZOQVMiv90mlmB3oglRyFgy81H7Ucws5y2TiA9t2B5fFL7_3h7sfzYuIXb-jtYFc-q43dv8RY37rg-6Wg0xRdydaeeRH6mFI3_dJmNNC_9k0E5tIvjOEAHK8uklVJn8maZ8MgZp5nfBAlW2xDx2MgyEZXRqkK8KrakxBfX-G6DaCCotocjigK8az-3pxZwIiEcQi3bColOZEEjQpZGsBfzb9M603NCehJ_svRQ20h6JjaBO9-zME42zrdy_MGrLf4Mfs2u7PZfhO8JGh5yNOvjUJn8vVXm5eEYWnIsiYTTRkEnXTVVak4H_KL3sZcd5mVbC8sBnBoKRCwI-OUmapf8bNfZ-Do6MbekhQ_69ZHTYjuG2HCnKVsGO6tEttRTUPIaPR0jj1wko8lkVFHDzvoaC65BLewrKVe9bUza7HkxunX7jUmybkJvhfezwlpCPtRveT4rxTYSoXeA7Uwpusx89Dvg3jj7fgMJ6usuvAEp7HpVkk-8_f1vg6KUrtUJRs2o1eMhXL0UQqLDDxHojEbLLCv8do-El83THp_tWof_GZtrUfakwcuiBe9GTKgIsmATOsq0LuUj2zFdAwmZ_GlYlagsa4PlyQv4vvXmFWraTr0M4qtAp00pziIoviezhV1SccsQjaiyATvcosKVkhUV8fS13O-gxQdk3_T1yTWs3V860czePp3Q56Ax0fXIUbfY5JwrHu8I2NtQLTJLIIcJoj_9DOhFEsiA7ATKUF3eXMg56FI4Rlw5_TLaKGawuPmYfVbFHYfwJQhWUIVDGZJ9lvwyvh2abMn59eVU6r6TNyMjgJfR746PqcJxxbOhroFj0kmgUQpGc9r70sDBmO31LHdASFmTBbWm3_aAOctOgEcpkL46tDFbkE9K2m29dzrZzMjCUpt1y2Serfg8NJsZSHYNCsLtteO2as61HV03aeoKw5-RkdsCx7ypO6vG_WaDj046bT_pTpIjR-jUG7OAvo_RosPXAwRFz3B8WsUNh93A7G6VWiFeJ6KEKTm-tHPqS-I_Iozlw7q0xJLJcpGZUqOpZHlk30e0SaZ7CgK4p4dlhScUHOGAUIjT_OX0BqWMH6fO9Yn5JNFJbH1XGgWpH5IADOMoN2fDl-mspOqXKdldXfpwS9y7kvvQ6OEgDbioaILkhwPDe3ePMEeDfzGYMTVE51jyuAEW_9ir6y98KDOcKUX3eW4vuOZ6D5ELtoFj0DoW4YjKOQ6rkdwhc_rCLC0qlP6ZjICifpD_HcguegZ43vHPyFc5vWH_YFgN8Q2_skdL9n41DB4pQNOcBSGunkfc3gGqhe8EPag2-aHXVUYvqPfBhOc4snV5SgfOfr1nRGsPGwmJ3uANe84AzLRKnwS_VGbu0OrH7xJfxv4G6O956w2spM4GMYEtouhOf3U5S8lOuSWasNGdC_u1AGedv3H_zEhdGruxnIo7w4bQs3tx1FjkcFsX6TRSh1dG1qjMUxVrJf9WOfmDkONOp37HXrm8myAj9YRLVS2Dc4VKVDwvPjnpsH2RVZJKltwTsE2OmA7IIav0jvxm3uQ9R90jpUEZMx03saBlTSdUn4hI5X3xq9LlcGqhajbxPQJgb4Gn60GZOA5YrgTNV_B156UhkXJMzxlBkoDyesAvXQBvrFHaBfsH4j575qfjUA_rdVbm0E3s18pH2yV_503N04LkIZ0xIl1_jxjEqxZC3knp6LdwG3hgDAl0S1anlKdFuL-oK3-sWRGH39Mn3mbhWm1Uq1Yg69TOf5y6EqOXPSnjhyrh0yrNzj3l6deBhYD17lplrT_1uYFu-LII5CWZCTHy57oJSDVmHf9VmjBuaf-XG1xbZKLHH3-Kjca0__rKGJfjO6DZhPYP5Litd8ibL2K6WIQ_dvOe-bErIZedI2iJFNBuGPyNkQTeMU_eO3ls7_Yb-QiavlZtZ14WzvHcKd7BBjJmK8SZOGAJMcba2BCPA6I33L7lM5oI8wEiublg0H9LAT9NcokV8jX5HNc9u8JUB1ed7PwzvXD150soFqpdBRy3x_g6JzTsCUOiSiCSjPZFD3RNVxPOP-3o6vQI8cmYK2E2Z6ac-kczkJWQWexOzTnEZPQhDTVhAL3ksPqHMdgo1XBDn7EMC2XOK3s8HZFFmKSmIKWKGpY47_RwLVuxEdrPLBQEfyuHhLQIjQgmmQoPQvQvBjkOof6AMkLYGf9ODpgOJUj55qVUXBAOsOlclBORjeXIc1NWO86YhqdOOdYAXpF2jHCiRW-T7ZeAI7q9mzZasAriDojZwOIZphTQfUIdqURbUcFRFR3e37pZWm8PloKmTzi6FQt8JxKaTAaxLCIyJGKgIJAkaK9CNETxF7DjYy4GMtM2hlUBZ9MaQdK0g0r16QVHYxn_X85tIi-PaXtZ3SYAy2e1ZelMon6_RX7VN0HlhP-YZyGinb1WwUTveYVSXcjSrvz8Z_h-_f_zmiSRNLIy8YUd7JgUKke-X1A2EtjqLTrmP-hubTAT8T6RMl_qukqasqsr4MCXEMkgEOPzKnsJNi_Sbuvl-wLJ28joBKLxZsJYI69WEqa2fa4nEGrK106AefrkXIidr5YDVS4yQBrxiAmGf1GZpsIFpYnFdgcRuuF6vJxoAQN_a_iknvUYU8KgBKUE2dyXcxfseOJd_bQ-8H4OE-NOX3OF4YY-dQXyEf4GVb50EZBzwsAT7wc7c5a5Gxq7fy6yyjq89e-RUYzlGOHvLJ9i3THBfzftXoZNIoaylU8fGYEsgKyz95T9dJn82tkjfR-4MvI0JAnbD0kizPmfuk5Xx4KnUS5idV9YHTUmCl2ywS3YXDDJ0P6hLarhUcIAzs1130Y6TlcupmFU-_OHg3s02xhvFSKD66ggtO7ar9L--QPlEQjP79c_iVfU0p2jl_Rd2jebP7ouWBGxFu4G3g_C85AZyu2odUHf0Fz57C3yIdU57b1USuOvPZFN2jtY2Z1KM0tywm1Gg8LNkjvcIcuNfSbkkQrbqYlrsZEVgF0mRcXbU6gVUCgCxZK5u_2mSg8RFYHWdJqh_E1uGk5shYfhAOmHLKxZOMhPrHkgteFyM0ljdaOd0XtBjYgZ2QZAAxSSaKDekrr1QLzftMpMQGm0btfTbKngSTHrygNjamCoTGrORTdG4gUIay1WHZuN5vtrFbB_dBq9CeugfpkyryfGDHPygcqxIby5l4cBeYBkJxTUhgUVe796Z_DYNoMx_hG5SYwFm5PXXl7uv1_GJu88V70eWg7KGGZ8evEYAJzy6zSUqdUFqQR-Ri8wu-7M6dtDJ5-ho20pmmHpKbad0YkLIde-Gx9hzjDrbexZW81mjB7PRlbY9fIqfb35HsY51AQ2lo8Z2hRiJiXFaGOGEwzFYzJihNe31Il7UTbEFJvkiInSPlf8s2KhvUGV2cKv47jtDCE222eIiJ4FvG2n9vCOZ93TunPRuAuEy8rQ1loGNG0-zsiNN7FSrRu0zYxjjpE3ZVeE2eqVFVI0488U5nTYZzfd17-I-65r7VYtB03w996OwhlSqRALPaNPdPvso_zLtBhqRNbk2HRvea-HEOc0polvs8QhmCwhZftuYEpcDU8_FT-xiKr_gEjdpgKr_tMd0n1nyuv-5Gk7gwPeL5HwuZBx2ftUvuO_bRe5iQAnpoob-W0OKHfUbk9BxUamWzU_I9QgiNF3OTmWtrODffbVauay78UkKdUXq2MfYMGWo0jKKnWv0MRwHZ0IxMINpAkrBXAnZNw4uQOwOSaT9mxXRLCUGw2_fxXgX_Ror1jFtu_BcLux9Sf8brrtnojvT5FYJQhWV8P4u9iug5JDPX6Pq890vO0Ba-BXe83x8BUL8kr5xDxx7SlB2Y5HEqWpx8610vKGy9fwS7qumWuT4e9BS6IA6npLCmicCcokF6STbbx23SdDwEBcpikXVDDlRe_DlMv0E0QnyQlkRf42_r7EkH02LjAd5Woc_7Ch_wUuV2llkNNy0o12-1qgNE8Oa3w-dylP1KtwTU-foGO_mkS9u8JZzxw1SgpIxym__q9jS9YeZ2uBYzXg6QqYN7I8n6cSVA1Y5cSHKGkg2fRlK5bLOvJjMrb_PVplyAPfOZXnAOfAOeOpniBvsuGfsDybjUN6_-0NSfyxquxz4CesQxbiGpH21Mcn2bFrDgz3hh_1Mnoyl_dD5Gk6q3AB4WekIiiWjFgd65H19JU3iXSRoWYmfsVWLMNRFpBPRPpsszGgsblwnizdIJFfnz0oYOUR09sSG-oCM07c--wFxQPlYNAVeUxPY4FbDgYnO5Aiz5XM2fO7jDIvNptmrVGKsGc-y5zSmtNIfLcxZ27lCHXK7xVqvMYcGhVdOiH20KduDp3fxZKtvAxhKOESSoilKsQpFBioVlQIW3U4lJPQLlMsfnBUncsB-BvgCckDFkgOojlR657OYjnY5WogcJ54eFBogctuECqSBMnwKDJOnd4pK3QHSGD769BCmGuKdsJUMBCiyQi8I1Gppf_TCXwM-WQwtwo6G7TmVidMLz_XCXh7cr178B73m155BDnlydlGrtp-h10jFsaIkrABo9Q33YYup7dgHYBOL-i-xzbGAfN46SYFLbxBAXXLLK2FAPsHSgV5Hw7GVIhYJXGdGaPHV91P-1us8zJV-Ef1DjK3zszxktf4HRZbi-Ud7HuwSpSzl-SdtkVj7xVi8S1NeMKKxF5yhHscWbRCgMske1rAnk1zJQupI09USJkmSpbk4LuFY0lvsF0TUU6Qfnbtj5aLdF6QuS8_Jem0J_FDLAM3k1fJjfrmSa-4kM8V-rGrsFErLuZ_oeQWyY8beOAclU8j8vkMkfNeGNHOLLdZZs7Lj4TZOacn3siw8Xa_XGE84rOdVkt52RKfqPwNiu1ciRY999AdCzKF2lBg-MusrWohxy3KgaY3UEetqL-f5dfURuWs8jhEpiHiBsPzJvPswMj3quHugDUhNPn0r2fGgkevn-H09P1r5WN95dc2zcza21xv_Ahqi9I5x8zJw2ILFCZLyOcyiXrfSgjdQq69b9ScyuNbSwuB4IUdoTKKEYtIR9mLoT73DFMw6wse4AVOGCFdmEd4CdMJgtK8p-0b2Ok-wmSyRwl7lsHtrnvQjvcpZTsmRz9bh_srbenZifxkOe4jiZharR9-2vW7mOpiTcbsIGtXEYvNZmmoOnKynCiJAAgI65K0tfWjFdrrHbZS12PLb_sQ0fraQ9fUTEny4Nx3M1uPcMd4yoD6ycC5TWBt5mn15GGQDAoC4QS_IVFFNpUgdHxYMbX-bj7Xq8yD-Tq2r14BvVrbX2SWkrSi8L7-7FzrE63_a07E7JcvbKNB3nCSZrOHwIfBmretdKFe2As9hoHc60mXcfbRzBxXHeVHWVlj8v8e98Jj2bNMjAcbdoQ8fg7PB4Wn5GNUtk9wLqPudyLfUg63Dsz5quwPMSQGbTjCKg-motMJ7h2gAEY_otuHLBGbZ06wq9s1fIDULwJLzTVIOV1-i98IpmzXxDieRvWknWngpG3R4ESeKFzIoYv24uTwrehjLDJd6BBC23Dw4nt3dFHQspeUlMHiGl03zh0VJ8G5rHNlCC__Iv6S6GzP9chIZN8aY-isKGRq2Dzv1H5', 'test files', '4.49 KB.', '.html', 'surya', 1),
(139, 'User/Files/partner-home.html', '2022-06-08 18:09:06.008007', 'test 2', 'L-UnB1XXJidyr1f13h6p5ao4nZyO480VK0sg7sIcWbs=', 'none', 'test 2 ', '13.14 KB.', '.html', 'surya', 1),
(140, 'User/Files/partner-login.html', '2022-06-08 18:09:35.689886', 'test 2', 'M3fiSAI1p7ogE32QC2lkYO5K1KW9H9QY92ZXgPH6FDY=', 'gAAAAABioJiHK9JsS36u3KCOmElGpEkKvaNA-548XKV0Vh2NOfuIQPANH4X9A6znoqTdFWd8MoxUBXlN7EQU1v76acs_qLA9G-m9pT7nLa6CfZEEeIfkgcBIN1208WzHrkMyy4zG3nU2kRpTbCPS5oxtEVbwb07bhyQz4Uwff9KMFQM-xxLBxFdyCI-UH6lCvUKzb1dMsuv1q7_3qSZnyOy-Hb52k172OFh3XnrmP3t-CFov7haDUdQzh-19suyqAIj7hSu--DlgcUNsqKE9iyIB4StZ-QDNwTk5x986rJT-ICycTN7ubLltiZPcQSSb8x1GCVC_14K30-JI9CzI-_rix-T-RyyDp298VmypBqxaXT8o9lrjfeTCMXXtonZlwKdjk8tmIyyB9V_QOfYUMsibL3rI_X_5DR8TOxd_BwcZzZaKSBKUOXLxmnxrhNh91eF1MGbsWZTybvX53s1DB3CKCNEnZ2vnsLz7bL1QzZcNDCJ7VZxfliCzLWAhW-wNnNC6CfYOwu_RGI-_BcVX-9WO_TW9XH8ZQNzjRgI2QPkIihu0Q-ODVCRGfn1tOgIs_jjF0OpIB0IB3uwKQsPENBK3WFrbGctPR9ujQ4JsWlzp9r1Uzs26uScE_E40pxwRBHWSWm4w0ov9gnZ0sLKQ57uWf2LgMcmwrHkBn6KenEZI-Fgizq8ISiUXagT8dU-z-orlBssWezCgd2Mn3NK6_fs3o8qaQ8dhk7WAOkBMpUar4xrI_vsFw-0Xzg2P2FXcwvVMUsFsgXQBoEiyXykGVrcb4a5-cHCCcLk7t-aTiO-pghrSDWitWeMUi9C-5r65Y9_SNFyjYoSzI9mkVO_c_v4mO_DYpgq2s51BGuPvfIom9xNmgzkQ-8v6pbNjylHPQPRQQHV8uNs4Xg_Up3s1D4f7gfAKSf59PzIjTDXMgV9wxw4h7K8kUDEoRPYRfoE1rT8LH-Og38I4ptNiXYyEbzfqn_HMZhQ3QE31FKezD8FYlpkvJY2Gj5x4SPqnlCnxOvguOOIkDqyo_tbwDl3v_QWnn4B_tfR_i9bPnbxQ2CTR5Z_ZeppMc_Fj3QyMhXCZdC64NzsU9MYOI5iCwlNKeahXAV1lvUvqE2azkoQOtYYllDUDTKEK-3s0sybrnrMh0-FEfw_XxOgaNLFdv0_ZU447fOnMHGoP4aYgdy4Ey8liEXST8Uyw-_oOEULAxeU5ccAPFcznTyzPVPhHE6cxTWk-6lqrB22oLRFcNwYIvllNO8BUwmme6lagmUc-WnZLN1FQzsN3zgCSMA8fatfycTFVOrWx0R_DMAqpGAith73eXJHBTksgLoeII2897ko8xSQxQ_vrCogj-3JAH_5xtkw5K9dLzwqk-BKBzUUTcZzvL3d1Yx4JxCRdOK3fzU7pTF8LgxSYQdwQuGZXX8oed0c7EP13ZcBnmGA-zHKiYA830Ak4dMhYOb8DFt4rt0zW9dizAXcYjJZRorJTAwV73AEit2-VBXQfzfk3xBHFq0CSHe2bRuBZvgyT7AEwsrP0ZcrjYl1nY9j3_1BZ_c_41WqAYuPHjCXbieIuQ9vFzVAimQA3pK41lcO8P_ZfVVeegU_RHbBqSXWqDdXeqdSbJnk3L7lPKMCwiOUEC9rsQz7jqFuvzDPmLSMh9nw8et5Kfs8Y-CSfMD5_z58hwb7x8HgAyDHNcCL8oTWp2Br-RMZ27Cre0uMBTNbQEmycR6yPb18-7Zx33xR5f994rP7xL1mVRDlWIZzPbhXNu9RIENWur_iiMjvzfYYli9G81lurI_W97zXqLfjHqTQbdxuP-YTUbPh75HrNvrNahTbKrh6KQtGHlBLnOisfTTH6vZU60U4_iAo9x_SMRPTI1-ds26hMbjIcGdTvR1gfKdHfQLncnaoFlEA9eu2yid3MpBHY3PTFWjTGYsAqJ9Eg0KGZX_0QCBNMZkxAoSxIighPp1URVPKQfqD-JF-1wRdd9ynX39X_sRs_E6VDU9I2Nsp_Z6gI5xYVBMxkr6m3i6IERGZh9_G898Ie3PWL0z7ue-7rL597SOpGrjRjEc7HS-G64TZzJAe13QiGuDy4UkEehcq7vchqtHMWG5UULvAvOQ_GvuCZjWXgjeVaBEJypNCIvXxwgBzFrbhpXMn4JbAtRRvI1w2CZlaK7w1DJQ2j3Nm0icBQIKMTj6DO_voDpdJOgFVFWg722fB-izeHog6Tsn1Vb_4X2M3mU0ruOjMINyaWBGQuWLlOxxalxihpz6RRmA8cmObWugmV6cQEErVBwRuMaY4G_dPz7jp1EfTIZSl-aEIod7jDhLrY6XXucQU9bOJrT7O1o8XZO7jVDG9PvYp2E7TPc5Jt8YoardkSvDF8oXEIHpFrcHet7F_-5pAk3cSVFlb-wAb_6kgl0ojDGVk7RyFN5imdjoVfMZfUDz3CQA9nqFW748-PXLmKEg6ta4ar1Y4jWWKkUsSXy-yW8IlmWGJQwtJI0NYEXX5Uw0k668C90sFRQHdvA59BZPex9wXBPP59bjfodhzfFIgT49R3jJwfBM2MejRLLiiig1lBwekrmM4RA7aI3-bubcFzXiHg8zKzaTZKMkrM5MXp_ZF3gbuGgj37r9uli-fD4Q4ipV-PQTjwAT8hZlLn7vpgnZZ0sjB4fj_cbdZn_tPVLqxocq4RqwQP5zxoc1CXeGfDc0RQT2Pn6dVG7duJclfb1AS-9YU6y3KZE53UTiA0VPJY68emezCYfVkej9PCTTAL7X7xUBXVjBWUg9Qn4x6fgiKpx66xAcWtKfcb1uyoyFdXTtO9jDK0FWDiwZee31LK-98u1yCAm_e5N_vUpDustGNVkNJjkHjVbUQ_EYFP0Z9JmFRdfXB1OBVJhsSQYYoHtmpQHWiTb4MTogTVtynTyJ-rzcgqn_VFzQ==', 'test', '2.15 KB.', '.html', 'surya', 1),
(141, 'User/Files/home-index.html', '2022-06-08 18:11:07.130880', 'this main page', 'qjgqVfv6WTBfOajbJ7t_j90R6QgfCUCgUKEEdToTyfw=', 'none', 'test 3', '14.23 KB.', '.html', 'surya', 1),
(142, 'User/Files/home-index.html', '2022-06-08 18:11:41.167784', 'this is test 3', 'JkqEL37Ky4dJxVniw9J_I8JDj6EM_6UaRTMncyiQg1c=', 'none', 'test 3', '14.23 KB.', '.html', 'surya', 1),
(143, 'User/Files/home-index.html', '2022-06-08 18:13:51.964306', 'this is test files', 'Naf35W_ab6Yxl_XCEaY2zWVDAnGFpMz_e_p5PyRDWkw=', 'none', 'test 4', '14.23 KB.', '.html', 'surya', 1),
(144, 'User/Files/base.html', '2022-06-08 18:14:34.646752', 'this is base page', '6pyPSLl5ThcP-NVhq0j6eKtmIE4pjE9OjvzL78e6kvY=', 'gAAAAABioJmyapAz7atkvwhctMgy_va0L7VorfVuiyLFxIkjEUcl6IZKRJvRRcFf0vyeJ4o5TRFMLtuaoouRg8VHplVAdbOK8x-062x6OLlCwHVxj8pmCgBfzBQ8GUo2d2T23T9FaMXOPTfVzlhaiJgpvsmqQwqzcIJq5OIiHGDfZXjoc0-GRNJA0nzfy9D8Mt2hhdNciiKDqmrs6HPkOsnaQi_d9DqnXF1FSV551oPU_g6FOHcErqiT3UR2Q8izNEbfNnjSxQoWHIdnUNcdZpP_XYeDHcO6-mT3zbjQDcxMzHySx3sg3XkUXHcIVtW6A275x8hY021W9CMaxJoD8XxhiP88ZGt1E2cEJHq_YKkjUbppyvh7W3JhAd3ro_jYkz55LDfzHYUz3G6mQOEwnKcnsF5XQ3XeCfBwO9Rqnl1BKe0JCK1aY5fpB2n4T37vxHTngap4e2iC-Sg9HlWN0jyoTqrdLujkC8-F1YR9vDG5AweaS5g_yNn4E50Oi3FSWC9xrXNrjLdTe2ea3AZKkHH9loFieBjSDPzQs6AHuUQAf8akcWyjGbYzkdEGwSG8-FwxlBhBFcVIWqbtQEBcBEANg3Ec3RwsaYHVWEoJ_DMbI9uYdh0eF0-TOfHWrhgYm9M4bxL6keOiFPvPJIWLA1j1N7MOzEANHBzjy1Dd9ucCmUzTJz19xCE0RrRvjF49tcKlrz-FJTMt4s0BsV2zjkstfKVtO6pbenn82lHR3kvToNt-FsnBYkiscvy0uW_yb0APQI8IFR6_6i-G30rROkV0nxUQF25OyYRlk80HZFumI8vCd00YBz-vA8uZAUe_NRiCNrbRB0Ttis3DmFs_hrcRjsmBy5BsIxlIjtJpvVFaN3FLgLtAIS13ipE12gDsoH5zTKghANQ5rmEJq6C6_dQyhOTyouxxLX1UgpU_XlIGp-geqyHoP1W1BU42oONn8w0XGutgdrDvYFwdm9ZIzC0LG7XPGG8zIa0wO0-SPV9DakcVErodplT4-oigzwTSyH83LyWBoTX5dTJVLTb93RChEIm-Iv1eLJLMUdopSSJjfhd2argxx_u9nOlUoNEfeG0X0Mm1SXAEygibr0FHQ_td1lXJxJzgO93rupWZpQIKV4MjQBMkBJNqe5yOhtWPUigBTpblJgi3khMSJDw6fOKcCYURRmuyUeTff6mOrW-O9cRPAe54321UQeHPVj-XFEqXX4QxREZX8bEEGLs1HvMUcKW6_5RMqgv-xQOL90ZhnSx2R_uGm8SLyPhidTuSK6lmBOoe2i_7_dnA09-L9R_9pmLeZ8poeoJdK1vPQ9qXPEMl2UwNmcmpSnJzKDN0v6tJ378WbVJmGoZu2lz0LUrhtnXeFgAp6NzzjGvFP-g-6IfDMEmBb_OVlJCwuzbIR5LYXEreiqjGJ_iGfZk-zIZqX7HuoD9IUhxbYTzkQnqaofefmfvllAXs_HbJ5EBfEUiVsfAjl2QjdrYyXKPeyQmtoGKICnpfHoky4I8NHjiS3LB3UYJYNHVGd_XwF0-XR7AyRbJEvoxvcXdqVYVA5Z4065i9I6y7wYD6YwfiYF6ZLySA8pru7OYkWA_Acr_4M5MnZvJEQzFfi_bEmAV96f1kh7v_wovXl1ltv1cfQHBqJxGcuqYJ6BnP1epdcLpe13Hsn6x-E0skvFXkUSb8IVUmpl4GnRq03Z6pRh35lhS75DSn8g2SHtkvo3Ghw0ui85-PQT8bsnXFCBj3fTCR0QrhtyWqopySZDl943hLeRTRFGiaDS0qH_Q55ozRhTIr0lwFoOZDTZ1I', 'test 5', '1.30 KB.', '.html', 'surya', 1),
(145, 'User/Files/captain-home.html', '2022-06-08 18:17:09.633858', 'test 6', 'IylORzFPUGjsHvrn1wHmO_kF2tXFFrs8mFr-d8ZQps0=', 'gAAAAABioJpNYwc_AonlBPkyXGGzrVjOCWQIZTCwWNAfgkLdljyN2bR3ECUS9YiwSCTO2w55VDibey8EjY5MpqlUNJ4j0T4b4avPUJEaXejiO-tqsSUJI8Os0gqUMFcMqZSnEStrXiuqE5fwHHKiqZU3c_8Pz2ZIpSSaIyB8WSICOH325EHmEuxQp8NVqGud9rKN5u-34dgzKwZGWSEcovQbaLWNmCzSN1sJ40cUGbJnh_tNwEeJgN_ZBj68uOtRRnQzwLJNvPb8XS37t7i4XK1YJSBX4OGVM95qi9cjeD0ywDO-Equd7xkxbRntmgqdcYnP_tXUeexFDM3Y-ugE0vPKErhs7qeYDz0xuOhqYwi0t91z_o_nuDo7gShayWwS1DIUHllHr9vGS6kMom60tnBqG5T45G327ZELzgvW_IYnwBXriWo-yySmCkBjJ16M8fFcb-cbLFcrVeJOLrjhjFZwXNniav7HS5oRQZ0uBodjrgms0NHWQ6XV8PnKsIFBLaBUqNdg6kb2adUtWDgQdMbMCMMpPJJmVMYFHuX0IsOEOKuR1OC_cdOd-e_URL4zguYfCYM9OlV7hj0xIVi2gEHdNjRVTYCYP4J6-SnFo7qZRMzDwLnClwcnfy_sa-JcgTZYy7PrhNJI_gyDDqoaKNrOE2kawtVxyLL_XiZaA4QMO-PrVW3OBXctv_lbKRZXvUFxujsR1S8q8b6V5x_cxT1nMbhcAa8Q6_qS0jOp66uug7RD2BmAFW5X6TZ5avuTFkMhUuHpV0jfXzB2AuknnNo_VihjPCo2mdNxbQpyQRCg_yWJWgXqidlkd3XXYdtVx-QyZIM1sHBRPhLNopFdejlO-47Jq7TQlKjgPc2uYUZL_NmSrFmWl1PSzFzFe1g3bN1rkhVoLV2eJRspLtJ1jc7FIKtHjZ6BvJnBUGI0NMSj1UNEouBHHxz75Yx5Yt3oZfU67VWOuDfWosy7l4BF5ZU4mEv4YpoPyIEr4-3f3GJRODG6pYiP8WvywrE5cDh2R-fEO-mOeQEgP6x2-VuzmNQnMC03EvKrpSoiNXh07RNANG24LyTrYZWqzuYMSQnT5uNmL7IjdQzbUnR6ZNVPq4kgMP7_5sY4sn_IwgQu9MhjT-HC0jz9z6PCI590PMSGaDE8A9pV3gGV2nMY0rh2iXid4tHQu383XAQeoEN8GBflidGI79GajDRlfa_ymHtpSnS-qPWNY0irGbmXow84Tp4-Y1refxfoP9oft2k-5AyDrNa-iZ9gloG5shX9hgsnI822l-V5UsYKx21zH8LXFjD1DzQ81EqTQjjTeE0az_orOeqv5yRQ-DX-kJFDyf52VXxjw9fV8MrEveiXADc3lHLZPnvobHy2cwMFe8wP1NkRgR-2J5v9E8N3fUpNKustvlwiPATUH7ZRNUypHj4b4X4beX-6CX54k3LR98xixxHzNYjUYgRj8agL43NgkAKid8PtsbFU0uj6j-nPPMYIs58ZMTb_g4buwDUKcqR7ttDZf6R5k_VZN3f-VZHzx7Wts14QmoojWvqwjNZnkwJXfIdLentqtX6L6OJnE_ZfJ-c0ChNsFemGPxmosTG6x0k3AORc6WPwsYP8cNgNKk84xpFowJycMbs-lDA2jlrlsG5UD4VU4BUzg0-Hd603ubs0bwok207NZoMZspszAlsxF2sHH1za4N0MOg5PJf3K5xSNrD1YyQZkkn9FO3FXyQ5omXLEIKdMKrnJHPiJQWMq6eLmxaxa0A5KpAKN6-cwB3vxrHQMwkgF7qHGK-24vsUSgDzOH36u2EJPU-6pZi31kTqhG7q9JpkfB9bqnRB-VFz5MHm2sumiOQ2fZ1oSGLMhWzIYQBFBXl1WeYv85MbFZ2zXsU8IqN-t1Mn51qOD3lY2MzIxp-thlld4bGCX207RnHzlz4sJse4r1khwWgWJJ6v4NOZP7-2pk8r9jOtxrCCtz4cW_HdS5WUZLS7ljx6jlx9FDbF_8UVX22-QoAji9eEVEQS2WJgKqPEpj-2FYZTP28mnH9WajHYyzCWAcV3QTL7lK7spRVcamrCA4F5zkbxHy5mj_37weXlxEdccI_CVW6PAX7ksRZI5haJ8Vkas26QnVqXKuALRIhsKlfSaahVpWmts5pwhUF4TKyzqEybRA-g9lmTsR24q5hmiBsx4Kl09ummN2PGNzuvTXFhNa6NiOXilpmrO3LnHaRWljL3FV1hBHRS5PUecUFux1N1G28wClmRDekc4gFxNaLa9PHWX3Z7nJMNrg2mBA1pn3vUbxvJJd4wdjWTTGO9NbUvRu-g--RCBWvVgZEdgkrhzGqHU_UwjiHqWOKbtXmvEm4Lqp5fJU21VWp5OoxV8_K54grddVaRK0PuI8blI9szXUw7Wu9G_oiZOQsCSSPSONUWReXwq0U6qI4IMzO3nKCz9e6THZzK-KMc1Z-kRcNuW-Rncg0WnSU0XPKSbWUwgl0SW8SOEcq-3yQagit5bgXwn7iIHZtlYkEZICG8KDwT3of6AsEeOPYPUX4-PFgP9-67meo77tNNGh05occymmBf7IPB7fqXUqPAh5Lu_18YNcoI8js9B3kdJYYFWY-FJ8RwmZRrp-eBy_8QAo0HsfSzOx4j44i2foODZfRSLaJudyee2d8vHnnl2sxEwzkOisAlqzfgSDNG0Ktj8OQp5Bu6Ec_1MxeQAW2FywkM3oIR7yN_Rkq9Bdkyw3kD6H0TAbtc1CmXKnY0GMwieDVEThfCILHeZWVknX--neZyZ5qnS8AuzJRrY2XUsFp-PqIC9ydXdoRQnt4J3kxddDE0-y32ITxAaVAHqNbOBlDAW8RX8Enqg8xWGZOKb44t03zkNrdrzLqCzZ68J8FR20Rvi0wkIod1FkmlpBGJtCtiUzjw3oz7WbLw1qFoaVc8INLAEW8IvLCqdtzSW-Z1yCHNroxAZY-ZEIED68ZQocYiNoZOggIyRZ055MsxfHSKtGkuYzkPRWu4gZvamBMK3lu6A8RbtgCjqodTynILi-6G00_udwTz6Ti-Z35ngNNBCgDElSX5BgxHUFApskWpFFhEqiKDz6SdiNHWZgRJfQKBWISjH-Ank5WnqA8jFPChSdS8bhO7K5rq8DRm51qE1RUTxjwWKq7J_01PqD3VEbRU6FajwgrKGdTvAfJ8NozSnQQJGlCd8KdMTOofbt11f7AZ-H8d-hjmHaOKEfCZ52fdMH3sKN1MxOYVaepuw4vQPjkxcHJJSObd0gE4S0DGiFb7a_mfrsrn3IMYBDxITHA9klWEfw5gynG4_OVMjU3xuO55VVSFThEy2Gk2-ncDHfoHF3zJVTJ6sWQVw6itRkZYwgTc9KX2Rdq-JUPpG3BahVH0zShkUS3Wg2ejL-T-MTtwf639iNvRZInknmbSG5hUNjWK6AHBNZxFId6ORgLngkh0DKRgaQMXNUQCDWx-V-oZX462nFL3K7VzC9M3-C31aANsN9yyQn3PDHdNs4Ux3Hd5d_5rtnmc1anwNt-VT1nWxAYk-TCDUkGji21ovnz9sl-u6xr7XLRyJak8yWVLSs1tI7p32LIGS-wI7EChqAW6Gt_vLhpTrmzHQD5jfmtVBwP0oCkyOQ1JSrkXLLawKUwfcLhY6NlLVkAsGkuNYQBuNp-TNYnFHZNBK9CplrH4r-alzM0I9l6QYXky2Ex8rMEwWbQC12BO2Kr-EdJR-4vXVmehoGLtGKmsjHyEvLoK-46ZVDMjPdY1DC5KOPBHGUACSEo0AuM98Sg3Bg4KbrbeLwSXEiYAcFY58NhKSKrpwTTNsb3RW1sPxGBpdQ0UN845fyRkRxZDRUMhIUZ57On4mCRENsjDPVtdPjZC3ZU1GePBguHJf4vk7lpYVYJxFdjGznI1FAsw5hBKsQEWpr1sYGXtDZkZKT6H9rWsCjyyT4LH31oKW8Z78cwesEgsWkm-pCCMhQw1WhlBs6Hslo0IqNh4B05I2qy0JV-E1t3BIzsevdRz0Rx_3B291DJMhij6zbw2Ht0uWiia3B_w0PePi7cfecD8De2eEasKZITuNyMIa8H1Ryp6q_UgWsi0xN_Lz2gjLqIDRXNPDsPkMWW4hcDbSjNRoE3LvkEiTD7fpWLCVKeCrhF0KgF7-7QpZOEdLqgiUJSLd-Rlf6Xg5loDc8EhzQrFrpvsh35lC6jeYaFCoJY0tKzBWRpv-tiQvmoc77OEEVYIm-ItYcWiOc6MSQs5sQIQrzn9qeB5lwtLSWOGF4sv4Wybc2aaEP4gYKxqyN6WF8H0FlHLU4hgwrD1CTyFvPiHRomJmC4KsyPlbDR-PNRsgPm2Wqc48Z5ICb3QXaX6sChav9YNXISmrUbFPlWhg1iSWEQYI19KP8FNsCdHD8UuEj8Itjt7ByiBC9DihT4y9y1tn4R0InA4q1J0p9OJnqu1B6WDQEW4irVKMCDqxKI0rmd1HKRg0XWN9lxLgBjNUdiHomtYe1A3UxxZjE57_upRu6k-GwlABwFUPYpfWtzwzD95o1xFFxqjoMZjR8rm5foTIAxT6EFardQHx7XaLpelYvPkiQEOHLC5o5d8MGJzzE3DJC27vK-Ksn6w932-fsTjwL1i0yS5VDtAn0pFvBh2AisNNEqSGgP6L36Dnfbq4_7WiObj_EgIH8yrRkMlbva60ush7NAUmdsAlvGWyTHoCni8COEi9kPJPEA9oLTZzntyKzCnkb24qX5As6chRfPl9ReNGImXUy-_HFHagvIvkqjBm96PjcEIjSVW6kZoH8yY_da5WjGSyQzHpreDfNkYCgpN2H_pmLw3mJ7IHKqqbKTphUl-_0AJm-Hz9gRbBueOzFao-hMJBPjxFk1psj9AQp9Y_qkKKmwbjOHULdgdu39XVHcrhD80y8egmZv1QwyKz1DIMAzdH6rs9EwTcMsdOlhRTZz37el1-fs38CIHKTms5n-LLew7njw3W857Kwo_zPgI8lG8ZmdO6p-0tLZjj6-s7SvcjKNxB2eM-A3wh4dtwndzB9rw4u1RaF73t6wC0G8FJW4hXctkhtZvpCrfgXxPcr3j52DcWZSttiM7HUNcuZIdGZZ5IuAPGFQTvsExdwUKrIc9O1mda409AkpVE8c5eaqJdEl0OC-fQjk-VsBN8lsKHTwxiMIhl-wRY8DUfmnA6D8L6pkZBAcgWcfvSg-2c3okeRD-a8P07zCxVqQ2Ns7VpQC4_4YGNoQMMduP4UivZE-wBmkKbJK4BWvrhXyWbOl9UJPaY58nEF3vtfn3wq0T1sMUzxKRA3Y4do5R9zF5JZiwamx5Ss9gYUwZi1W7uRnJalLhBkHW6ThWLPSaoHH0GDoAivIJy-KEUH3AKdMNUn4TbwNK8WsGZQlq5720qDZDPWt1FiQnzPbeTnoW6z6-Asgn5vBJFZhoYzIPw4HQbyYxiLVb0pEP0JdeoqxQIPqY5agp8XLLOxtGJtGQ3JhCo-PhCg3B-kKNk4HhhIG6VQP24_ur9fEhzn1izNgzs4P6Vn7ELT0ob2eZST48d7ZxEz5nxoNkOQs8jjkjAqxkeUTRg_AWMFBJmn3xTUnLz_Sm9asIIQfeI-K0iTa9JzHUhtkPzzJNc_0HpGBqpAgDZp0dhirZ9OoYvZMvvwAULgVQOirGhbnejJCCr0nAuWQfZCWlyLAlYv3k6AEEvAT1mMko7wo0ln1vgAcRHfu3KkUtgejZEkMK3noAKgQ0HHxDH6XRY7pXYcb_u6IcvnFayJCrbZRktPEc4Px_KNJ_bVtHhFxAXlgYPXQJYIsWaYrrserLFI3JxsZkeiIMJam6llAVSAC5v7N2a_sjKHAZOTOcAkQyPOmIJViYCJRKSdOTIyMZ6pc5DeReb0ap-ILtvTUzOE7dHnoXQ8gbC0KK42DgovJBYRPras7BKZXbHvAuRLHg2Olxjgai4S2SzHjkd4AhLaXRaGQmXJhKe26L_VKmGJC3ArKNxwW3sc_KU4G633tjSurFnrzRZXUpW-xaTw5nCnDeg5RLu_3R8a8zL_66dT_YDdttyfUbq59pOu6Z9mAPJwAVIc9awtfdQFgvrFYxk2b77KTqAGWvvpNrygY-IHSdsH994HGg10tvBe-B49dSk3ZiAuLRupPK8GN_uz2nkEJMe7jJjM-G9b-jzRgvm_mBvIS9kc_TRrph9vyBcFV3aDHSODleyu6KOG-r1FhAHkVo1k3ay77S7sRK4bKLzIFXKivJzx_IHjaOD96AJMz1WiJ9M2szZXgapTHvF4uskHOA1aB9UliTDeIpVKJF4sKf-iqd3iaQQiIb6tq-5lVckhNJsrcKfIoWaEhKF1G5Bc74GcejioBFG3ICGy4GL5KncROfX653lDJhnsJv9WsoP7zNJG9Zqp8K81klLJvN9xsJt7fwThLcYCATwOC3vggq_5urGmgOYraZUl2UhPk9Xn-WcsxQTromd0gQe4NHzq75kLqq-pTVS6cfMvQKtYaWhCVRdcds5rm4ELl1j9aalLpPIyU_XMGkB-nHTcLrI7eI-BgbvewRYiwRkdIXZTuWGw01L58MNmORmyyNCNoTmbOZzjg8zP6PBB3tu11SSMrNAfe7HN6cxopdUb5yfVwEznH6MIq5EYLuHBnTxEkvpAKVEp1mJeInTuklXQI5OdvtI1sPnX2HncaNp72MTjzc-Un-oA02MlsBQjWdtq-8giyb5e1C_UTItrxUm9wI1dLeDH4yFDr4SrkfpB1N7I9XU1hq8gbThO2YWO-ak9A5kgSdINcq5xTKOurCb6JReSmx4DcaUA3JEBFU2SE146KaRdJDoTF7rhpf4cuRHDhb2ZylbNqPGbfQF1BgWcZjw4PeZNohzqTbivFRdioqlvRkk0ckp4gdz_ZQEeGKZC36oToN6nDbNeoSe4K2n8O9XSso3y7-RZmYISxMPD4mPbx3vesE0j7cnPEDls7sawaSwmDqiV-6LvSIHIxajb6oMgc14UMWz4qH2JwejEYJtXlaC_PgIIefpC0zXf4BgKyI3o_P0MEostGR3lsCX3VMr5QHGBxQ_3-N5eBHs05781XJR2Ig3BHYNKQ35cKe6ix7HqAHssbMkSkIak1QOJHospPi6xjeg89JSfQcgGUgI1eslF34I3iixEgThR2FURv6J-MZRSZN1Z4wN7IETZA_aZSHUgkEetzbsclTco8IiSxgpoe4Ve7j4qo1kpKwS20PY0kFha-iC93SZk551xMaSd7Py-86MnKrJskmowQoHnFhEeJcGtmu9XlbCeMI1vn6VF0EaWPcYjEVkzJ00OcrrK64SUHpOyU0NhV4BhOyu8F40Zji5nwvHazYFPUcqYYkiTn7Hi0UowozQY9Vsou1rYio292WSYGRJse9lsg4QqE5ugMkF9kCO0kSMhQokQcQcuY469MUuwh2bSPQoEOuFTaRe5OwYIAuQCnfI25wMZNM3xINeY-7zh5usJ1Pp-T29NO1AQb5rXs3mrP6CJ6kmiZ3zwjPQCP6Winx7vKtfU-9arvYfOyuGYdsgkStZbu-wL7Vs_Z-xix07RLm7-PDyNsUx53EgR6kArQh0oJldQWwSqi2Sv1mrguS9twAoBO6j4MZSBTU5Ztetv5Fs7642_dJnSEdjp1CcgLk6RoCe4Os29JH3oxhEVFauqZKCV_DivsLR7K6y5wYtL6-d_BUMWKCaz96P1H3GOmy9QRGcYLHtZwsbcHWObBuemY5vSYnn_EWFoZZu-DAwY6MPK-Ia_Zu_S6i2OhPTSBSdaPiqn86LfSoO84J8_s-gPTel9vLI8cbgzfYmu1CdFsogE4eQJ20aUs2v-Z8diJjOihRs6jxhdz87XDI0AiF68hKGP5i_dCI9bT8b55TjpD0_gPnFR91H-z2HmML1Ns-zMbcidU2L5H_OIW50BhElB-viadkpXVXFW6WVlgP2hkArlCGNBhbej1ae6z7N6038W5O_jDTPAAjQeV5oXqRod-NYrj10ZKO47oT2OzUsBZZgRaZvCEDZneT6A1yLFHfDs8tACKDN9MVCiidEnuaNGgONghHLc2loLnEtHT_c3RjEcENq8Mkkzy1Q86t4YqMLql7VQiRjpiXoIB2w_BK9bNfxcYFiu9eMQZPgv7NLgtenEtNU7xiG3xGVtWsBskFK89hZOkiC1qsNvi6lLudctpG8bUtiocDqvQxlo4ggXLqRKa-sGBMaQdssp4xuxQUlz4BXyjSLu8A0zX8fA6nMzb4ZxiJtEEeBxb7Ajgsag6hW4ynnvSHkCpJjijopHlW7191-Rjfl7fUIG_0mWfPWEUP63YE1ymOkOr1CUAj-e-1xhaCRTPDUytWPgIS4-K2EPeNp24ehtP53LNeNwHQOUM_B3gamhYmxbSXG-06p7P9jF3daUss6l9t4QRDITJPxM8hHEyARsTQIDgQwd6F3U6vJQ8fWqXS1TjigWzKq_mTDopOdnT0ga0w8mU2FQc54mPuz-mvUcvDHLoBRbXTm_HDUyaGlABka5BULU-VvoMznemBWIpsXzy5rJOlSGXyRUoJb6LPXTNgqWPlBlQUEGbpQaBcFz16EYATFc2kZ96c2ufcSmjtVKx8D7_0FB7xf8M6knSqEkkDrAZIXxDpKoG7_CCRqGMIf_CpmW-0D1Tb7bMTXG-isWiPjXWMXHOPsM2JzTh-ip5F2DwSuYwylxBZsbDTOuRhVsDH4dPLJgTnpWVBpUHi_lLcBx6NOD0DgX3htsF79Z4D7HgHLbk1jRH5nYi1OTwnFsIwsCLS7nXvAlYgMh9A8ZcauDU4baUeGVMbUGKP01F6fGdO2kis8kQzlDQVrkljVohGecVZZb8Vh_yE-zTCw4JxDi-4H3tGd5rYJVDQGSpwZ8tZncsy8fYzwCMjLWBFZ2H1DNpqbt6wsx5DHxDU-yjOmfpEqy2ghxF-WeKSP15qXySVK84UzGycgomcroyqctJng8S_0R1B6dSCgG1T-QJ3MbcdtIP_2YzQgl1ORFojHD2-Kdm2FCsfSiMmOHWtorq0mEavgXVskyK9NxQE2S1t23AnFEX481H9vpLbJqzCRkXinwVpyH3y8YE7asyFMek-SUqMTNRl4HZEDVI3qvTftbPvWGgdQfzTfKCrckaLEHegw5C-czRXNYQEc-AYO2X0CEegdLA0uUof_gKcO1Tq-TSPYJRJozGfp_fwHKVaaB-jGiErdzWz-Fle2zUifuCF4LY9CJ4PMqaf1Lyf8hfMY6lQ_iS4KVKGh-om7qO51jHVp3fdnBVQlOOR_JCEVgEFHBBYtLmBAaoDKWAJad3J1SCB_URNlVxqtbdYtfFWyU65WN8dJAEkR4FLTfZ5e7p9_kyYsSocG5v1vR0mwvzXv562sDEan8l8HzFzkcn3FUSImo3n66-o_jvRhfiMuk6w53IQTrOk3xmDlf4LXGM5jBF2Z3_8B2WV1t_fB-OveiXPLN-8ATAvBsY_Be2Fph7ZVi9GdTH6HUTKZyRYXADiaDDTJcbeiOAyYm_3Jrxn19eu3lKZC7NtzXtlOqSFzTvU5tVcIpWC6_ZtDLAPX1pxymx0C1fDevZnf4KDNKgnA9fiTd8YEIErKDK4pwB2VKKf0g76hbQDcwSVJvoYwQ0O8bKTmoIyjIRVg51ajrMUM9WHG_k6ibQlH6dLXR_HghVH1_Z-tOEDKOCosHWexic3c1FhRSvhvoVZoP381SJrcL3sbA1ZRXnzEIuo0ZGDKtSqBO9pvX4gAzgY4ewhtS4_zQVWUFkZW5EdBf6pX5cwr-AWZe9cdbn3kGntHJCYRNhKEB4zj_ha8Tgr8H-95diU3KI0Kfp3HxYru2xJ1g0UjjR23uOVrhMe8QBjrZRJibE-AV5S54T4YUB7yvXhNLwJhpi2KwwlGy_ZygNZrCsSIpxrySTLquzJmkIP7DaRBxlFeE8vEmddtYrf8Z8qsbLLSklZcob7qNwj9TFv9d9gBspHManC3IJZK2on3EKEFQtmd5iO9cn7X9dns55fGKpmePFJCVE9UjzBFk-lXFbCS4uoZc_LJEDoUg-nHkvNHLFkhcXXSEqbHMKfzHZahzmASaaMFE5Nl9vW0W3ZsDS6DF1b7zFnMHErSe_NFj7gL3cfgqyTXcxet4O_yWsvuHO_txrSyqexuxbuZqmqNLUM-Bfzh9Yph72MNJSbUVDqOOCASNSTA6YH4nM12FFGREfCzfDreOxFMAerc9xwehrxP4kARhXKi47xdQxNPjGpt5H8nDmAC1dszW-cTUryyKmMBQpv_or1c4wlBWRVT7sfoUofiflbrhG0iRfqHS2XabYxwUNtrWXFNKnpaYvewh0NU0HUQmyvCm_fEDB5rVFG07XBsq7nDYCpfgpY7RdUtYi0mqZ9eefjiw_pd5nuZaTeLmniwMkmCqY_l2XYODL1BHolDOpbxYS0BSOoJV_mirOOZmfwImVO77czErCXaRKrNA1iEUeXfPOGSHbgplXFW0hwCaSeBEfr2vJrELuTqoTt3JaAG13AIvTEZn5mfDS7idA35_-prZ3c6Gav6XeRRJrkguCxIwoZUdq8swhJpE8kpZA8XGY1el_-7mKqEprgjeKSNaDpM8SbTcWkQ8-MZXsVJhGB9C-Gut01QCsAwMV0G-eF2z6LITIP-1pYZYpvBgIatvktBBk4PjYRFLWnszD9pWY70OvxkvIIZhqOR9mWRBeZj90z-LMo52PnCypzmuBXNJXunKCrKwYOhR7GqPmrl4Cf-KYZxIm-vMRvZTLrL7giy9HvaaxXEG9p9vS6Al3mfah2Hs-ajqyBuN4fJzZR4-BVJQ9d4VJQz1KEUcJGkKUBVP3gLZRDeHhSWO-BJIJ17vOvrBOL1SA9QLrCWebGAHSAYeYyaNPUZ_RLNXs5iM56FLlKcB5RJoBp3yMHwldLQpqOcHlwBbm6nd-xGDdc5d-4YNQdkLuffSDY04iVLxoI_EbHTItT0xvtXogvBRau0x2hWDxF5_FCac6I2PmJRgqNJvwNKgkDb0yYz4ZAhhXLtGJgjezeerXN7ZOHUHmGUhdW8BhZPP_6gmt5u97goGSh79J8bdR2B0E3yvFEHdcDSlXwXWb8vbNAgEuWLG1PeUMIiuqxHwypiki6XnWxMU_aaC9k6GSj9K2Ddak8Aw61dY_oKCkt8L7ln8oOKtTSFgBxUoNAcfE9rB9FniKcOSMZr-bk40qmXgFEAqIct-8TgH0OUyrwIwcypsSGwREKhm8qoYp_Y0JFPWQdBmWoOL3qsQZhKU8OjG9lDR27FIiAwtBZEGElVn5LbzJKLkhWN1Quo8bir82rySB-d3GhBF8duBi6IJNHwJqn5n1lErt9yhDh1gzit-cWTY38C1VssJ_DwQlX9DOg2xd1O_DZdlPsq6iebzsYjTTH2kp6uBiU0QxucOX3mMn3vZjI77mQfVde6ekAuh_uZssN9OPkObWmcOLH3xKiDLObxMMFwLqgc48cBsMD4PPxTHseMH93tMo5rvxtSsNX7Kyzz9RyaOEs0rfy4Zt1qROL-TkpAY2T3BOEiYMJ3dxwef21d209O0mwKcrV360VEMC5A6g01LQwztFAzfS5nkfxSQMYyKEF-1ozCBfBsJ_WXsJjtJUFHwuNFQtHwWpcHoicmQRo6MVSi0TOIGni6KjR5kMF8BvZ-dyYuDl1mpLhQwZeqPbkx9ltac6TjzRhHsKeKlS7C4PJaObjCX3Uj8vfh7gTnrvGf1kuG4SoV2Z5-tbuxr-uTXcsMH1PHtoCcIqYMuzxS-PwCtuqV7KhgOV94WjHj0JGpkndStpsucuTR6l_KN-9gFPxdRQOo-Mkl4B-nN0TEuTn0ifGISZJEoOxpmYMQy2rl94QqpB_zlSZtuKymdD8JpJgRnvbr1nbJ4yT9m2UJXgaA8W5kfRCUO8O5wLBEOQTXyNSGGhxEgYgKbFrbv4Wh8fKbDE0=', 'test 6', '8.84 KB.', '.html', 'surya', 1),
(146, 'User/Files/captain-register.html', '2022-06-08 18:18:47.289172', 'this is 5 kb files', '_MqSv8EZeLQXIKYRw2hqatU6ZN9rxuB0lsyNnqqWd5E=', 'gAAAAABioJqvv1QVgshKlgbWqyTXLFysFm_7l3xXu2ZVqG2q_lUnDzgWErtgUUeEYyty7peC0XQn1GsYX_siSQwGJoA41VhdKk7TKgOTJk-mFk3pI03zYZqSUtBCUvdjemWOPJCPc115Wl15urXUGJwsuKYvWDsa_W4gowJ0bTIJ6QENGzCwrVFRO_-gDaG86qA9wFEPVPeRL14Qii2qFNiPTUZ3e0ghwzcpuDkWqFecePecS5VMfKf2IRM65Vk_L-uL3HWdCP2IzaJVl8DCyKryfjHuSdUJZM9oVX4sUBLm2bKDmZE-dwV41-GQMg4PvDhPOdKJdUbxgbmuAgKN5L3DcpKTdVN-_UTz21Iz0namM9BYR3eLZ03IGKf6gDCdx9gevzI-iDIaewteJjtZsbZXGQwLWv1JlWWfIuJUnOg4uqh59h9rb7OivGd96sS2iK49g54Bk8hhTkxVcOSgEJeyDsM4WzHK3wmiCstavcgTNj4VV6l9aWYTn49I_YrhT51V-JdvHiLb_Jw7Lh56JtMt24jc-Eu_kjvnyTP29Bzy-0Xjmo3gdrFI3N742vWRnOGbXIV0gZa_2aMW-LcU4b8LGHOC6qxB6ViILQSEr46q_J4Pk-QpcHvZb8rGy9SAtwlFIXj7-gSKYUHDnXl5rZZ0KAcT5fNSwgcEwOOtGKOlZPRpjTl25X2ZaP4MFK9eHmLnwUiFls6jA6PGwB91ZSlHMFmPp7h6txPk0AZTx8MqDnDS4ikUABM-U78FHgj9pQNJ9DgUSPrKdNFIjAzquyehtp6q0R0IzdPN3evK7-2QBHUQmXdZbCoQpMA8G0Spv8JaCSzo9ejPE1cX4I0xD9vLOsPwwozT6NV4uVnqfEx0ZDbZGc7ed-b6X6wvT0mtI61oUMNNIhViK2AO3rx8cpFCOcSzOA2llit5ZrIltmcwGVCeNGVdBFuJjhZZSOg2WL07IJlAyPTMxcdNvAlpwNRUWG6TgUvFg1gByjp1AZBIKNnfoXBCaLWmRLnpFDG7ERF6UpK8w5MqPZVVdADO1dbN_OBITorkbTMiN0WF-vGsdm0i3nyYT-Rs0jvggd3948VdNk5AItyYmuBNRETd3h-KH4skjOgFHAqQc9JOhwpBi3DicuB-ZIQA9XIS9cUZO2USba20M49qURhx1fKsWxu1CGYIyk8LPNmI9KSwOQnU7oJYyMFknFmxa7sjnqqtXqLn8jCW0RWhBddD38o1Bs-s7s4uMlJUqeQCeYZCUM4KVMi9ioAKdxsqVN4ovP1K0MCvFd_-5bvLWjAkhKqW6EMna9bWVLn46R1D4qwNNkY3RG_R3RkU-gbC0QTQs0yEtgK2LSVHbklM34MU6iy1j4gUQKeoF3qqLxtqpgNsie9tvWqzhxlX_myXCvYCU08X3XRwZW5ygciIORlbIFZgH5c7B_a9ljHfxYnFFZajkxQkgymVRX4eezhmqS-gSVCT87mOYBAK89JUVlfPVo-u2yMhlgbAGinvfaZNfeR_k0nJW_arhJczxvU3VRpppd28nR6kSHKUj-r8hHvA829ut6I_cA8KYNPcUc5Y5G1HCLqCy_3tlqtATXNqRHTTaY0cqXPaLlc_4lPVuCEQOjspvfeuBlbazk2GWypaP_aZOcwN4n_KA94E88jc4Saia0rcXxXYK5SL5eE5l-d5ZqxKFJH1DdiN_G4sOhU_Ndi4A4G-89N69ptw384h9EqSATZ4v8O3XaZvkDpwn2SnDKzAe7Z6YjlZzwXuZqL6qFF8N6P0u93xSGawTIgC5cKPiJvr6W2LDk7_cwbvTGyD3BzSQy-HTK0wXfVzMtjYut-EcmPbtqWJAGf3G9TTXLjfMWFILAixxPNxNkBg5hQ4DmGaLvQ591eZAkZcsrAZ-k2GG5-_W59wGOYCwBM7YeWvEtE2gpZC2I33e217ryiA4I4htnF9jTKoo5eNVPvIJm2zePl8fi37ztgUuyC8Ubw8xX9vCTuUju7hEY7GquwLfxogEmCcntj05wTmukhuLpy8XHWFjrdwQN5yAHkON4JSCQkC3N3fFpoaF6fX9E_QjBlJ6Vssf1FWwG-1DACSckiNmfBhhntrQi2YKtXlzT2mmEf2mgvr_s9u8vzGLJO_PQ4nHACS6LIoV7W4jJ8pks8vjFB5DVc4Ew9eUCVjB1Cs1Dm5a9BdbaIRWt545RzctQEdUYSIDVDRkJgjdIlvJotg07NSPq4iLCqdDysZilGYZImS9ZHnOd0UZ4gJWG9cJgoCLRg1O9jjSN0I6ek0TiM8nbDZX5MbRcJ_mzyVHf-gISwz9Cv-xXFaeEHg2ToYTETrhU3u8qcg8TZoaT48WjLmFwp-scTR1vP5IcrhBmRNZAqC1Jkxi_GUKwhmy9JDBIMoUeQB6x02ZN1RKadu60DgEp8TuY7zUiNs_DgS2bqfA9HjeATlkzl_T38INGuBXQHQWSq49lCDKzOGvRFE1rOMtSAT8QTTSqyrDlgun0wHif1r1o_kKsiK312bW5RRdfe214vsOwTo02MvaPo2FKi6DtSuoQbxHpA8mjB6UtM5TwKYupe9Q__9JGzpdFKoK4OwezeTLdN239gq7FUBllI5ONVvL3W78vZilR2MYK5y0I2uC7jnSVJlrsZORhCAKTSh5e_mCk9izw5TksHtMnaQ0BdKrFG7iZTIlvXIC1Bjku_yUWVoqHHGKRgPs76HSTpuNm-RUZnY0omwb11OnDFXLdT5jynWD4z7qAPasJwkpOFh1n9zIwJRoeusL6r52NO2hntJa0RPy-SgteolLMW6NkU0XMJya8AjDbfGJ6JNnf8IssfVdxyJt2jy2gdXITkcSVcIoZMbLU-AR7-INrlKnp8shOGvc_UXaF4Dwa41CfvjfizhxvXlpAi5K5_edKTnrl1_YMGyv5AE65DGVHxplhEzRW-5HS3Mqme-4pnr7_fmfdeLizajGRYieMYZ1BnqR2AoNTawTJOGNAjOx5m2IWyRAHdyzn9On_z4Gb4D_s5hclFbIu3eVySnGzsyWC5-WvY1te8LRV_WrGaO1dBJtK52Cgrt7WoSl0DDdUTO7xIuCrTUIgdJjfPA4fphfcMTbiT4iz0RoffJ8AlVSWxI87wg6Gs_bVLmbtb49dGw1M58W618IRlSVDnjPmGCFi5BGAiHGXvsvGoA2OGXsgLWDBQItU1DwlwQrQYkbaw_Rdn4CONJ1X2_aXARhXHfik0vKyB0cPeBtyXGDK05fjAYZNB4mnv5hVktS2OTzmoLg5KnBS3HqFjdxA8y9g_NoisseNFGvMi35JmF9cz5Toc0FkHtvlBWZMv7JmeuQcYPm55oRLhaUZGIVJOaP093-9s97rFkrxCee7B6T2Mn4Qt7yY9b_uH-Nzb9UJ9W0THIZa2hq3I4E7b6SrycRl018GVO8W8j0KyrHhPZc-J1EyXR9x9fmvgVWNG-Oe4Fo1hT_r3YgI02QHLgeSPAobixedzvMtKwn4HRYgFPxIzSrhLpV6rmDx8F_HN5qicSioCi91PDmv-w4LiUik_lf-ZjWCg_99wH3UnHuCGBO7mdR0nhUbDcFeNFQaPZK1qaDbSVx1iCxQTI7Ht966M1y8KuVM_L9XTv9MRQPHIQMp0eMV-3afmJ6SIDKl4VYFEDKTgjcw42b5gBm4pQMSL4kVhpYxmFqK0LulXDf3uGDZ3aF0OkSr_H0xGgein1nG2-R0Mm7jbMDhYg1Mb1chZQc2FhGyrlO3fcvN2zafmof51uQgwr0DPcSnKSutDvVGkflwWJ0zKAbKtuS0MCpy4ERqzxLGpU72Qi4FU5exdVKpeA2s2xrVzbjvZPUwV4j0m0dSsj6xM2SzrCKdXTF0pyC_XQQimVU9zeCJd_EDZX54bsb-L_68ZGgDQAl7UWqwFohb5bVzX8btxmyG7ZAxEsnZDpoTSGK3qalgKapDfnOe1Y9hDR-Ni4McOyBqWLkJsDvUtIfMvnJF0RItRqHnUx2fvTB7DVdPjzw4zHy26B_19VtYnNwilMnUqeh93lxKuF0YpBhuwgZGGYpcvfto9S-37BDosR_3kzfT1OTL4PIgpBEaZUu_xc2VtYh7CafZXQHyHDCvURC6PleWYWxAYaswmQiW8N9TEPmqOVOncP0e1etKt2JFVtCZYNjD3_MshCi3np0LFyhVXLlX4rjGa4r5A7uh8h7qZpOaUGWG6J_Mk2TJwqqUqKvGhn2Zs5zZujelmNk-urBrMmQTmGSGl6vg8iNCfq0hCmK-OCkh-WP2YWJU0oE06fQhjp92A4lZR3RucKft_OBKSxuJ5mgyGFIJ-lAetLcwWdRxxr_w0MT-pGJlA-wYNMbhi9HPE7jZiX54bhUpEUACmC1JPDpou8FGF1JEUBE6KCbQVA0HU49c8H92SsmrbyOaTsgSeqlosrclq2wdAeYWQD_N2K4LmJnzcL9Kzm4h85jC7mMLGL7jx0a2Ea3gKOmzgjLYuxPbc5a0gKG34k_rX753vNkShk8myeCmvDQTpSwNDJ3IhxsigXmU3GMgeTHzDZg-qG8nmss2YqoKdAEmO2dG9g16zWuLRafr7YmE_BaB9mBtPioTJKFJSjzPvjvM9yqdZ_xKf4b60Z4puvZX81CR6AqNDi3nRKtTWUqbei61JnaA_asJ7zRoT-HCCh14fdJq15ouW8gmTdDNw79o3A7BGpIaDAtJ168L8xKHMuDjfjzWXtlP2yATKQYRxPWfoUUawjtn4O_iV9fMsQM68sX9iVCCEN8kV9hLb-JbrE72dwMS9C5lfj5zp5JIA-_4s6pThxz5I9dKu6F4PdV_rh0a8I4C4sfG9EnCs9goTS_b7N7biJVpmP3lIoR-RVYvWzLH_fENT7h5SFnxGSf0ftRyioLzeJc0drN9aQZkAmpGpOBv587lKz_WWmV9DKq66oIcOhJSCSybi2D2oOQv_4tmtiVi-7EFO1aZJ9y9_PuM8ZHjgyzq-iKsqrqu7r3kaMxbryBG6Rjl3AVF5vRPiwElhY2lKMQT0R5L75_VyCeU-SxJiocLwsL1uf1Z3H2N5TsmZZ0z3XtgV4zFuWGuCGZ2gjibQw_6Ngv09-GTw8ot40f-K2VXTlNywc0Ns4TxHJbWvf_72JBKLvvC72VAxdvSuKpFrKTOlRbUIJHyDjeCITHuV4KsiMvNZhoyrzE-3AqrlcQ_LgfoqezbyTDlCTLA0Z23iJjtVUQTuVQegDLaDu5QiOYXnzc5p4XxLBNwq_Req_ysO4QokCCatsevUGwnRTn9Jf6bE_AJjU-PD2P9iyQR1Km3phFevBeIBMFtmulhWXQh1Xx5qB2HWtfa2Pgnl3k1l1LnXnRFzJWnQOvOGlVyqq0qF54CP26LDG46xLpuncgO68Fd32zFBLQT0yIWoLZYZp-GISNpMc5EBQFTsGotvYA_GhRVwGJwEPnPR22iyhcQCKKGOydHFgFPhJU3kyiXqhRd1Hiyn1ZI97hPSVl5l_0tdGMvA18Hn931NS7cNrCQdyHDthkRaMOIjHxFoMv2TGQVTjmUZHku1A7MHfmuumEXNq0kdOJVxBurd6aGmXXyJP_mkqzYzl-fslfnWkFttS5qTJi15GRQK5dcjJ5FJOh_j-4hwNxACXE_G_VnGpNlmOMG2-OHLMg5BQXErl7tuW70KQTZK4r2T1iTiYORhFb5YcBE61MGPFa6mR9HUIDoPmlcRQVVdcQou0fBQ1M7gBJYwkkydb1iExPMC2vhba7Wi0owDdYhn9jAqI3W6_jRYteXEzrBoHZdYHVDNh8zJ_rghVpAUXO4-DRhBdjLHGFUwMlJtKq2aG8Dg-XukRuWQRAKWi_wonn69jmlYossMUxPISj09aNCoNHIQvwnTc36URtkD2bdKlvpzX3KlnWj4Uu4OKEMA_TAT1wYstxySe8NQafitKDrJ2Wh9UYBnlapAiyprhUPphvhglrlKoWwZMzAR3wAvCgRJIr_dyx0G5raihHtnHskQ2rg8GG3ty64MYegk5IaksQrGArQ4lC9kh-Ry3R-S_LQDW2YZ1zJolOOh2brhtDLKgPJzOH6U9YT-9tsk5x_xRLIrHljj8KFu7fVYNOuIb1ka_CWHuEFDnVuMfpSMMxboaCiHel5YnM_vff7uy-L0KH8tGR_oh7974nNeK66Li0HtNMGAoiDQzjgg67v92aeD_7XtFJOcNQCc-EENtUGoNfdmjKv3qcsBuB_DM2oVhfaPVhNpUvjXKfHlPDyfybYdcYdTpbcUuq0hS-UbxS-iKc268Qozdc8PtAQ6HvE1fnTsclNLyLuHPC4N8ZtoryLOvfVn1N4KfijkgLhy5OHBNeS7iC_3JrJEibFhNnhIpCGaL9u9xbYBQlnLswEEPp_qdCUDQyYLpG6X_BpRS4t3Ue2mkTFlRqJQhD0QJqaKJf0J4zYTYGMiCOG-EPZiopG1QMBik7zn4aXB6rKn1Wvv3CoxyfjHh53f63tb627cThW7SAittghebE7xDrWdZKqrPAPQIbQi7-wAC_sINsOqLVchXUwZQY2M=', 'test 7', '4.84 KB.', '.html', 'surya', 1),
(147, 'User/Files/captain-login.html', '2022-06-08 18:20:28.660309', 'test 9', 'ckhW0R2ZZuSrEibmIAzsXoNIXNrwISKhcfxIRLaFEGs=', 'gAAAAABioJsUYjAUDKeGpoSqk3eVLkZBRld9-bYTs36jaRIXa7zjEg_AIxImUBOW27IIxFeI0ox2xnqaYUbQPn_XtTIO8-vIzI-m-Iet75cbruCfkzhhddcII7XwPAO_F8jpFP6GEgK3wcooK3Hb0aHtg4_10YjtE_UHQbB99YdPERfL0JbrzmY2LyZiLI9T4CS_Uj0sDBhwp5d8IAie3uXSuvVQ61j1H4kfRPprmBvd4frpGTMYptKyh3mzi7XW9N7HHRM0WGBUkokaT2Aek8rj7An13APnML8PiScUaEwkvldekeUxW2JD5dHkfpYTaNyr5hGDS6NVzJCGTjdSxHubGEOJDj-0fQExnUqhhtliuR4qpuaO1dRuune1A2jQvS_IlQc77Fuh33KXb1IgNvlah8WKrvVz9f3M_-1xGqsKiSFEBV5reLmN5M1GcSF2VNE1X-4rLZzH9oGUHdR6UI9egVeVsjxW-iQZOZqZBWb2XebZqe48Bxapxl4ane1yp0JqkKAnSTIJULV3u0U590P8xTcP_Qtfo7MFyV0g2RP_ysFOEMKOymw1x5cZHK84G-PLv5QTVPjzx_TH3cVUbh8TTFKLGs8mNC_LSqniw6EPfSpuU13KXPvACOggtHCbhhfYMcG6d9JXiICOm6uq5xhnpcYwuYD2Sz65kNODPcJbWypxzUPR7BtaSJFfud2w4WL823dnixuv2qJhGo-3eY0oyaXrP_KuWVC7zS1vPy_7FVckQPjcayWe0dq8TsRtxufSoCV0G2JFAjKQzGOBskR79Y450bDi11s4vTMmr0uM-Qjzl7HaExcrP771Awg6gBOaQWtTbI3U9LEYMDbG18h4lDBTIpj3rm4rKIfAQ13OdjmMEwQCawGuiaTOkN2dYg3pril9-qmZLLRHV4N6_DirmDfvJXmiVVPFAF7KK5MnTDpZfSCMTM59JL8YRCToOfR7lZNINutvKLWgu0fwiyup9Gt-XPM5sZSz1q-kOA7NuXYoOAVUF1THzX6ynZdAGaeWOxydwpT617tI8pz6nG-rHe8KhHHHt3Vk8oDa4Ytp1kUMPhVH_fGqS7qmrE5kkiZlOnV_3JqiDIEqUmUXKUTnxdvy3Thgtise4zepF7v2tIkaldcQ5A_tcqJH_vYUeVGYdGTpJQLCwFr_VWGhV0PRe3pHW8mTka2QI0pt3Mknd6wcz2Z2JFRjgowPAJoDwFDcTZpHDojRcebu3PAnJP2CWtJXxZOGFw2bECorw2sy2k96KdYugQeuj2Lbdfv3W4EgpD1BOLmnCcJ_bvniQePdNeq3nnS7G-6NiCLa4kzsPn8aF-mTkBupWO9FGdS2Acvs2qW8QPF7xPebB-U-XeR2UVwlpwMqq3WEn5oq5R-w-eRY_zsB5-QrgTM77NLkNjx6JJkPcQGM9AIx4d0t525fhQVjB45FFkIrGetIOTIPnm1XxmUAn_VUV4ysieRFgwBmKVS3ggmkmkQmS1gNv4q8HogjrDSxBRx6GYCAvc_Th9rCTr2oVqV4JZVe7sf_X_-PiQoHATU2eK_b5KbMdnkpX8ZxCBluJkXPMMsJXi4j56wl57SKIU7AqyWdJZOPizlfQIr2WWSichGXlWAjkg0zAi2tKTCVG_sFdjhYXJ3EA16YJyNDq1vdV4rZ_SZgqKE-qMS95XzjPNLb-jdKHBRO7Gm8080OPi-h99UVhuLm7c1d0bRdCb1bG2HF1nckNiSWonFIgdQCe9ZG2wp6cx-xKIl1eOh5Ue264otHsQCvOXMt60AyhO1JhAYaJX-O4YCmRvqVno9NnaV50tJQd58e4DxXEXcXXZkjoHTceBW5Z6niweVRwAQpZgWPEdttRGgr76J_ybs0-1wSMbJoiDhTeVse063j_0n8DEANV2PPAYIX-V09hAXL_F-93PmAyuHrbyHM7_-QKeqB6LJ9_sqKvBc_7Jaic7TzWrDzMthMP8AUpB4v6UTya7PLl1lLoAiH06tT41xq_5fmKZhi2uOFKbQztDzo3tWiZf421RqjujqZqaXSIvV8GmRlUcdEYnE1nJ7eBO8OVY3YpDvodAbrOlOiX2S-v46uJl6OBLqtjfVP6uSkOZZ75UVsgEi2Z_k0Jv16OecVzs9kzRRAK4NBdbaNIt_5Fsd6de-LqG_pgcqOzaZZZKelS8-dDb7Kt20GibrsUxdBp506XrGpBnxPozygf9lZQdrxUS0UVM2h6eNg4BRW2j5Bjy3RyU5rLme0AhGhq9Z9B6M6Y3qek1Mg5QrLYUC7Y14BAxaQVBNg5OMo1aPbRhOiGiwKVGFcccCDmJvO5lcsa7h7c4qbGmViqDvZzua_oNl_ba4Fed7LSCdZs1_kRTY8N0u_FwWt_sTxJb0AHZFsVfWEihFzYqcoRtYTePE40ZNmrp_nbxm5RVWzvzFukHpZBKizwOetgKIUvZ8aeG4los8IVGbDhN1fJ6yx067Pe9wvRJXzNG7X8vi8H7QK9RjK4hdZcgGA0vuItA7EjM9DZX_h5Ixi9RV7kq2BVxXrMdFldQSGMr7ns5v03kutVqh1f9I-6Gl7ts9jpF3Tp04fvLatUcrFxOPgwW8akb2NdnB-PlYKr-tqBxFHE9VwEtRnQnjeBfGKHVrrcuSZmXSgtR2pOIuy90lK-D50zO5spEEMMRikWigrMUu6D7JqA4UgN8VLNn7eBHmDhOLWhmKLjZd1xreyhMeE_tA7vIAl-XylrQZ2mxbtY__ykxQOeqWto1t8BM-0W-WwZrwjqpyfhTTaci_Tzv2Kh8V7HxIukM784vwMIxOV55ErrphKmN_AfbtYWvCVlObI0S_8ybEbrpLmAmgJAYkaJ1C20deK70Cp8ovtf6KqRLCkXcmgMyZfDqCjOpCOhrFPITMEDjTxaZvg3PTzJFXDjKcf4iuZiA==', 'test 9', '2.14 KB.', '.html', 'surya', 1);
INSERT INTO `upload_file` (`id`, `user_file`, `datetime_created`, `decription`, `key`, `file_data`, `file_name`, `file_size`, `file_type`, `user_name`, `user_id`) VALUES
(148, 'User/Files/captain-home_q5tCWh5.html', '2022-06-08 18:31:21.898470', 'this is tesst 10 files', 'xoS_P0B_sDvXuIo7EHyRPGxtytf6s0CKOMpx4OIBbZs=', 'gAAAAABioJ2hIsacl5Ac1ej5JLjfWNLq1LuYSHjs_8ZXKBlhMsfINqX8frLRTBIJ9fP4qi4r8-h6giZOcDn-O4DaDwzWT9pEtZmbYMzQjKknVNesF469tyqZmAHLOeVigJQTZGApvIoy-jIvMT8GVI3TT46ORweRUbFw-dw8mEs-KNmygJmd8GMdx4loawD6wwZUlAaLtRuAo6l9XPDbPz9ByiDbCzh2g9zZjimbIlkScXY1H_7XH7wXDWyvMZHyTAs-FWb6SelmMjVosCy8xk9N7rgnMr00e9oi9yucgpfmvlQjUMWWxVgnu7HapsGMEQv4xFKWvk3neWtlyuaQGbt8U4JedT7R8erkgKNIKgZL7evI5AKUWL8-u5wvDGmKjyFui0Acl-O7U04Cru-bGPVCbcpESYZG9SjeE2VmXTqq6oQMS4o5A2a8RbhKD9imugCuyA_TvJRB5QH1k9ZBG-NYrLJPo5utriUhkyXQnRHesbSOHf-5Y4AS6IgWl3NT8RzybJyzVgvd-IqeWZzLLE5xwp6eno9tFtzKCCJJZbBXLQlcQBaCfAVvmkhQWPmCU-KPQCk-QI_-sJFvosikpSykgvwOoEHLMrTJmm9m78BkenArcGML8OlLDEq3GdfdauTqelgfneXJg-5AORaHNIZfKCgCnO2q9UMkgjyoBme-ZjkCp-81bxXNIBAybkC5EKfahOCpr3-zlCXv0RRnO3gxuj3A6cMp3lO9VRc6faAKZdNRoFQ5r-S1rdd-LgNiJu8O5aEouuy7IGaVJNnncKV-M9CWhODw7Iy1q_8lHlzkRASUzOfObdQQHKtaLHVNclXnkEdvFPNFgD-OuqwTaPZl6okbKOnlsjhinXycGGmph4T-Mzu66uNXKrjc27Xsj634driEvW94ZX-nR__1ewcWaKZxn6XxytzLZwUBTdmwQT3i5HRDTDmy3h2vruZQjui5zwpLm32EbYiIsrNzFK_jDTO03U8D0FU_KFuWnFg1xLYPB3VPaLKyB8YfSb4MsYE4FXP3m_aXyNLUPRHA3n5epi0_flNnDYhf--17r6w9FAvc3ACMYHHMw_gP65PVt3WOT9NKHIYqBE_H5SAAYqItFcWSJLQ9CBSUeLtYwtuwS16C-jnRGfHa7Gycs0Luh1TyGNbFKtT5zUidiRoUC-OLowzfM5o0XJUqs5h2yqL6tgfY3J7Kcz0dwt97AyKnL5yYa6u7eX9ldz3vmRsB6Qck7NFRbbCmoKOl_j5VBXl7mS5a722T0keK5wO0Bhz3_RUXFSDVGAjlHgd1PV92ke21WUguST-Ms_IXziUsRKINwQ9AVIvr7-E0XdGbttJYrL3pBxGPl8mvWjJGj83xl9rtXd-oKmKIO8t8MiST1QKbQDhGtbChtSk9Xuo7D5GPau17g8kIraawd3zKnk-HJEVO0QCz_b0O3MRjAAl-8mII5lpGV0JI1k5WcXC0IDKTYzSZfW7g-ux_wlcnA--YccrVYIDxtmGsiu4Zq9nJ3hWGi7E2BBy2LIPgXD0_6YKOcloHpZU7XvBppy2NSXeMsvFuOklb_n3dZGm-9_4N5WGr4gUycjMTuD3BRE_faXs3cLI9FwnNByoFsVsuXvVIWeJBlNSQ3DM3uPZeZLV5DBlAn8bcirGgxio4zLhZl87PPzsLtGHjJznldcnETbd3eA_kUxxa3ldFkI_i53AMsQnGLn81p8CCkc7BWfkj7rwnFt66SLnRFby6uGiqWLfLJyley-y5oMgSfS1RHCVSskrH5uzLWxhtEuT-241NN907gTWbzzDcE5RXu3iJYm46DaQsLOfuNdicye3O4AvAPQeKaR-klLbVooQGbhXCel6fYl8Efmtmaz4AyRV7d-rYJVo-YDILa5XfHw_UNam_AEoMDNh7tTDoJKanCUgbVhCqJ742gDDvM57IOKHSHChnqyNH27_dz8NL6RP37NolMPqOsRdQSHvgoGW1lLixRzGFTNTqWTPm8uualUWoo9_rJ8I6NbdopwE64nD_5E60lgiutTyzYW43AmZF1Sdfy11MqWXyumjI7ujWGH6h5Qx0yu4MKGvq6PJ41WHJk2j3_Y-C9FI0JZ18xkT7tSHAOdagkstvfiPMfSlheJwkjsvNn4hfAej7-PeXXCn7GIe4WvrFb9crzYFZAN63MotFEV5B1keYs4f7TXXkKIBZElSujqbTzhd5exE0xng8V0Dl65c5P5lWvNX0Mq6m6rSc1odVPNUxxQULtipy0W6aJD8VemPUbfKJR1rYya3Q2hWQsHKeIxkEUbknrxFqIqjHp8cbK5eytKDyZj_kIYerlPWTqGZll9cRSX6U6i39-AyScBNSPOy4mW6mISVWilMBEubqE-A0OP9ejosQPqQTs0zeAMWO-SIomuPn-Smll3XGot6WKDFcP-ZqQ2a_A1nSZ8-iTjgUqei5hnfb-oOrFcpR6DmQPDjzIpGfRbQJPxvn1bROlY_EyV-rBUJnEXphXWKNrNiKBwcUgF9Kw-KmMq79aipMtY5Acq2Hbco2Eg4-M0QgSykIDvBf-IKGuuZA_0uBc6gwFtdXiGJVIG6zOipwK2KSuWxfAWBBGB8nP5Q6qZhOH7INFE1aGZqZB8r35LX4XF94iT-sEXO9QHcACCt8vyN0AWEBRFxJ6s3PlaTrA0AkNPKHmXwQqPDyzTz_rc3lC0ALUkublX5DV1fA05eOIqiFytlMXdoVp3tlXOS1LuLDBbtotetHJkhaE1Z9atKUDDObdipdISSgLcfIUu8wgISmBjSL_fH1dNe34l5gEFl3GZSv8QGg1-buMfW36D65EhypAbDhLAC8xefolwJ5j3hlTVqsMIazJ4vfGcgHMLUKHm7pGiXO8lQjPCInWtq3uynmDIEM6J73cdFDnKw2IWDFn139QYWGDy3UPj1PfGAwlAWauTewArUcTJ3Hgw3AONeYkU1R5TxZCXaVrdsmfR4VEdWGYMS_09uF6Tk6j1b7yq3lyIjhJahHYPkwenfCGqkdFBpmrjSo0lUKMUb7989gVNK1K15N5U3M8FtS2MnmWQtAcZ-mkCbRsWOKuYz1U5VnFZsVEBe2NxTGioGTUiUnGPtJ45CHYfOkdwMQ-pStdy03_nAc7ei-7CUtmgZ4XufNqBLdr1Lm86WM_wCvZFSn4tO8F-3adeTXm27Ec-t4vldDOarqV3jhCmBeXy6SoMmUrExtx9wTKEaGObeN116-kT7uZ4MMygwAxkHH6HIg7h9v7t2Y5hVfuNagRHA0HcEt6KFjZ4R17XqZi9DWxnQBWglZfLRhSDEOODiS5etn5sZqenjVtgTrw821WytwZgOxCloXNjUN7ggZm2-larw-qc6FlwHPKB4ytuSRdzmfdi7rzYH00qqWAXbtGFn2Qbc0NGQuFWsrbqXmvRLC-TtWS5G_5aRiusxeAqJOR6rZoc81DydBO1sTSc-j_5NIZp2_KLFEOTFIZwx3g_l9smR-jpoLQckw_DWe-DkcY5mgdUK2fj7PxG1VypvBkE67G1JqAsr38Jk9l5FCB-nZtWqkzfuoYPJWOh7KCU_PxLb6XvlXdDTmgp-laz2DS50H76w9q31BpANABjSiLWyExcMoszKAydaae6_jRJeEJltqCkjE_0r_hr5w7zH8elcq4pOgETa66kmoa-cb59gNJAIwEXXqHC17b_3ND9im9HqxtgG5lBJBlLZEPGBAN7Hj9Gqr0se-_7z0G7SPpjhSkb0bVrRy2OonVQEXya76BZ4lJPe5qDqqeLINEz7guk5qvRT-CcQNqhiNtuQWjWn199CAU63v-34vrLHjJsB5f8MMnyHX3mC6ypLivTUYTLTgifDwWgqOHqmkdnmjjMwtjG2HPt3Kul-9rzJ270z2FT6qe0wtawYsk1YNhGZHnGQA_qj01SV3NmOZ8MOQRsk3R5E0wsvBKCMG4OLF7cMfPtOHYCDCYtxeGP1iJ1jGphA6g95Jx1qTWWqYA39U4LB2bPCrv0UOwV623f9FOoq2PV0cflGJyx9Hlbyifb9wdf248hgQfW6BT9Crlj3ADuKFFxH9Q3iGDVo4C_Br79AebwCefKblD6VTtqvH67uAqb0XvavTmb6rPdBocZr4G5eeOGVE4dkTX8NG5PefAjz2wN-2ml-wIJ34S7QRQ1HXPu75aN0UYCKJpVknzx0B7GCOeM93piGDXpmFWL0W_1PcEMcB1ezJfYEuPvt_K_6H6mhqsk3G6RDtVxEqs8087r83wrT0zM3-cb4NJb71vzxdprX6HRLd5Cy_VnGva1uM0uFoWIMY9O2njM8PElEku38wSoeoUVddds72yMdTp7VyEdzZ2uaPCXd4d0Gi3Rw_UaLhoMZIb9JTQfYz4YCIyLsjvo9bWrvsId4gHgziPx5qXMIrDB1twN1Es2WNEKdGvBavxIibpckffYxBgDz80E1K29JLDfrPE6mWNqZh83srAqhV6ChuIaLLfSSIYST_CN8qo4XnkOXELebpSeFBfGXD9iIJdyxxt0IdR-my1WHrUnd2MEbVSbdKPwxkkRGT8WIPG0uyeB2JCj94UiYCFQtUYdp-S2h-8bliDXWo6BbmsFFabhGZ-cYWrbKhTMK3Ed34YGCAtW3IE9zGpv8JBPqBnW_M_UHKcOaObG0ciFin93BxxcrFBYWJff0PNgzYSJ6R-J3c1QHmnwD30STa9shD_JoGvoC1Mr51a04MyEH0Fum9zGAs8xPjX5bLj-hgSkzJhYlZtFUIiG1O1hy1wMPYteoeC1q3N0dJZmffwnQzMQF1ZR6pP-0YUBISdchh2phou9O0mCo3_4i9UAa-vDodyw8d_HQBfNybcKwY59XUXKPnk4RN0KwucB28qSjtMr1l4Fv_sJJjZ6knurd3xlCOmFV0ng50QPSbE0i1BBeOTYp0Q6fNnKFdcQeo3qVahnJFPq5jMEl5_sN72SaBCj3vruqfmNzlzTPZSKIg7H4ZiBE8y3lsjAwayCdy3v0-lvCeXAbUfR_b7Urm_aHCgd19m2CWVZKd7fUGcjCmUx75Py5v9RusMH1UtCVk7juPNtj8BF_q9fnxXABXifGSE9LsxmnnDb6sLB0RUVzhNJ84M6jy16CteW6SrNK1eFOGUTC76SMcQIk7xEYOLSiuPAZxQdZ4QrCWgUimKtsa-8G1sfaaOg0U3ZPlyhZMSe0kec5SF88DS4dBbPg04SHFQ-GFU3NChaTc2PqViC_K_9QHK8UUoWucZyLvXrbSR95VSbXsAAIl_IpDlgEHjV4Dq4ev8_TKQ9nLKIXtqynWn2X2dElMOi7fIEe9SvwX1LmZtvSKEa-eYR3JriYgjzAGky9wYQMovc7mtj-MmxpKrxbGhci7AqOYn24p9smeUXjM9GWGrmIk6QaStSBwSG84WeKCZm4XCII8kNGD3iIgXu4bvqWxmAsfRHODDMcJ6sP67CrKyK8OQ-WO_JwbXwYj5PMkoUxdo7eRTf0Jvdmalxk8KCr4MaZL-yPe1DTXQTk9LvP6Fwu4pK8JehLrck9i5j6KOdw97mmwEKFsgzxEoOJf8zjrRHmp-EL-7a6LChJWZitdvCffrZXw8zejCQktWhn-JkGe6UFe10FBUxdjzGLNYlLsU3EsnfUltkiKq0szQcn9hrvkYfvGpbtYUlpmBNKUQuXRaHT7HUyOpwe-P6xXoscy3cL-8c6hAOM3vp-nG2cYBbBL9qRL2lEE2_ZhDvP4PBkFC05OR_tnDH5oPul4wdXE_Q3WFeDgfXx3Lco6plyBVVT7SCJbGvSTTMIvg4aheX5uFny6s3ctnFrfvpYbf7oyGg82qjmO0CjRBdbvnwXeVHtFdZnOb_wlTdW4hCZ6sqsGeMuBWda-rFMFD54QjG_wIHcMicXddwMq_IxIDu9O4C-diQpsEN4LaqAqPsGVYP3Ko9y8_rq8RL5bsWT3lUtR8uBMuf3xXlWwNsaxO_czzOURyvp3VkTyiXl1XxFa7f-ZhOow3EEbC-AVztV7xQHuQZWVPxDNElh3_rA-URvFrxlqvOy_pAlDYuydvNDqWHNCaNcxsrftLNRX6g5uG2BcGkSNNV8QMrx2mYivI6ZDf_WD2HH7Au5Q83SnhxESUL5GMj4AnjPexfhsqwurncPW8AGW7NwSa0MpCMrzWyhj0cMWklE_0kX1BX4IctQdMNW6OORrYihm8AhuAXakWN21u43w97sxA9txngSYhMiHbx7tZaUiGMHy-nkG6vzMf6metokyBwoLs09oMuTry6LYtA_AwWfxP-EcclxUkSLDq-hefkYRilxI4VRX8jufTUfSngqDl-YbbgOQmfU9pXh-Rw6Ycg549ImCxGlIjpmYSD_47Uu8pexFM50QB2LXuWedWM1Sij8Sha7dktAY8jRI3AWN35urpxGVtSwBhYbjG4hvB1d2UeiAvlx0NRbtOiZPYVSXj90wpaq6sY8WZm_2649y-knFuT1ruMUi4jxef7OsiWvOWeyj-Rj56ML4iw2ptpK0uV23WwQks4ONydV1Vs9gPDVIOrwm6hZWd6nO64I7tSda1OG_EdcWmL_npa6q7LLIowHZ2vaPmuLQDuGNWywDqgTwIw1GB65GD4Rczoy83ira-lNiXfzXdGfFKR8jIRYLv8zuVqEhwRsHvGbyijKPob2XCUOa_pssPYykuyXj2EI4eUDpi-MsXb5HSf8rPIj4VDah625p58ZLxpIC3LjR-HFpuoNpjxYNz3weIIBkfgymWGgxFIxUIJyBJVxUzI3m5gO-ZZ7MotdFL4TfBYzEcjcvc59M3l3mfX9fiBhU2aSbRei__8bRG4IEI230uZGgTslsgjGGW5PMx_rvyerxmOOb5_qQRUrqPVlCaO8Ay39kWSsPYCrldg7bVDJUXkEuErGTL4W9NHQ_o1MPSW4zDMEcUngIsLP30pW2XrGPr6zfH7sR0sFnfGsuX4p4aU0TI-ea8CtcG-_ZGDAq5AAJiL1_6jts4tMoXfcg3JukqKk4dhBdgse9YxLHVtm7Uv1fgncfHOFqq0Zls3HFigy8AhDJslAp9T7t7BNnH0FPI7A7lhqW8539qIJraelztnEwi1Vw2H11jNh2n5LW4tjpGnpeL6Aq3xHQUtN3I_Pf_qSmmc2VeQYkGN0x21WfD6fMEWz7_W3U3UNPw3no--9c-UMBqcYTyJ3puHb6ygwzbR6TruBhLZfQbrNMlVgxPe-PEAU8TZcwZcWTJ5OrZw8GUABwtN0QSxVDTU-7GdJBzRw7CKxbTohSuFZfP-c4cdVf9yFbRTvRoCiv7HWp7XDAuQll7ohHVjnW-ejCZDfConNSzKkJ1QddlvgEHI7KTDWktrzZI1d106nKQiWGnGGJ8jz3iVR-sdexxCDu727woRPb_Dl8bhliJ_Vrtw8p0p7xes97IYzZcsugrwGrqq-rfKgNVaJ1V-LQu1zDc5GibQq7ndhF6p2o_5x93X2MtOy9dtYrfi4XwmkndUkkYDe4BX66_Q2900bapBAbeOHl9Pe3v8ylWe8FhCfgPGU-wiSqaQdiF-owaAU7OgflRJdfrv0CmF6ayDumLfUNIJCkJdY3NzUBB63VijlbgCfXImNDw-5RpE5ht1VZ5TWs26rT7qoSdAdN68eBuGhYiPup9TxCiRsuTAiD__yk0BZGfxpyWI8NDUioDgmUimMViN-mpvCdieSK1IikNhWpeUHgT5B9swIHal6CcpesJqgROcsW2sOHPuOzxWefA2y3b1KR-oMdDxnSzV1khROeiTGuXyQzeLJaNa4T_T_xxjA7uD4RilfvAaUuTqny11HtGekViv42apManfeEx548l2pWPotoHb034LTqa7kPhs5-xhX_2XnHqw212HOl2xOjd2xoDGD2PDwuv2xhbTbK-2vje5Xz0z2kE1PPUGCJQDwFkLknd0zTpht-fvl3rhBf7Kaqwh18TjiGG_T5xyFg5DigGce7Yke2aBACM0o9othll6L7UFz7nO9ophvuxO-KdvbdHfBo9Y5Q13XctNqqsP7F-plWngOmjnFuy482wVutML8IjX4r0tulRNBAw1j057FgvyxXP0JnZHoA_lIuE_TLV7rPxAKCbII8ppZ8Ey6h5SnLcGY4ECJOXD_c9h1BvuJkZn-TK-mL5VCuBQsqCwjhmKifWIsrspL7at2uyXOk-WN0Q4bf5KYdQOdzYCJje-PMg3OLRYbawUz3PN6zAIxrKxEuowip-JF6DVihmwUKvDFg19kO4RtXRkijKIayokTjoSQjfXOo1mmOtgGEo3fQ1WeuiufTPy1l3pwKpVm6pUKuk9zmeOJGQS56hSIPxRtvhHedgdJcNQQA1V5iOob1ZugAz-0gnzQjQxVXQWGDIllJLsESAk0HYgWF8FOMAZyjsikOr2AngPs1_mTK_P4oc_EjQ4sou4KeQUPWfM9jfcLX6MAqh3pulL31DNU2hskP9fJ5pirKr4bvar8qmI9B-sAS1zOcRL3g1MAgOyDfBp6-mEFYxM9t3NnRViMXjjne6Vbng5ubw0uIcxGeO5T6oV1DizUeFvMSsUmIPBumir4nzExB3r5WNmL2YqXY52FX22ghsz4xIOO4jMc5ME8rN79_0BBRWLq8GEFfJ202E8UTBp764e-39OFXPXc8lfbak61nzyuPFKxTsyI-o4HF0TWs18c8Yv2_MU5eXoLaG_HcJasauUhn0D8MxN0epeelMdUGK1sfC7DyLlCrGn0rWCEDrTCScN5pvQpnVg9VfjTr7ZFhBizqgk5V3TisT31GcyV4d0eIAllUAXTur615xUwoIcVraBhGGN6oFRhg-pM_aD4PI_y6sp0IKWc30H7tbuo3fKc1V5YFkbYysD8uHGM1hstKEiSivg1tL9A9Xx2OZYfk-gZHmZrs_06mfhpHWlYE_7rVbuBgni3YLXXaaQdHJmaPgVv0MBtuVNMVYPzMfe1ujd_Zzdm9ydnF5v83i-fezM5i66QhToMDwZiYtxeOn0Lwe9mXeG6G9TtNLCdGw4CgRDmrTA77w78axqZXRrbwp6fNQQeBJz5XuaqyJW0DQCsnAwKws82sbtLtbVWZc408lByZ5-2ROKrmQypEonRORg8dm3ICPtOwBR9UQfJTnGdFBuScWQGeC7DLrodRPiS68AmsjyNT7xwehFMK0Ut70ZuubEOoC8dwdFUNKRY2VjXKp1wkDQBw_m0FzV3HAD9sXORoBALugiG-Gwz1V-jBYyXh3UI2Qkm-YaaazOZZaEPHgTLlVVRLSlUhrNGljP8ya3HMTqIBb9V2iSMNmcyjpmRo61smUmOr6kQxAlKpAohEvuhfFMO_7MeUA9-t29yh4Lpn6izmDGXLtDwknxKyFIqo0Ms8kZxG2lNuN6IdTx-qJ3FQnclCjF1Z-rzwidit-AI_ufo9nUzhY9Qx-YGSbYEDifpUTqNCjyHJ2qheERE4E_3BLkC5Mw8BFyO8hCdwnlP1xrMlz6BmH_aVpW8e5GVsU8chUyFsWR03VEnAo2zpvRj0O__6uSI9LRLsaQi67IGOUJGQBXRVCEfw_L1nh8jziqoxWqnjZVAxgvPmxUdULe5c1ibYS_hZeCOOr6kr_SeXV920iRT0Me-b63KKGytv5RPbLIyI3b9wbTPRrHNfKN2XFWd088ibBx-J7ytU2xldxSeMOC-_VBRuobYCvXmSlpWhGJP2WJDeokGC9vXba4BBG28K3BkBCuEcEPNaOtT4VoSBIE0i4yG2bsLquN1QoymJFnfct0GZ2lrd28MJOTXDPm52IM_umhSJKpLD6alStvlkfLIUMvilzp-FZ7TyI-gGnCgqc1YfEHBzwyGVRed_XKhMNuMEctp2MMHvMmdKFWhCsfSf2R-ToBJgO5ly-orvTV7vfRQdxNB3qKO15mmP2r2w1thpgHVzfvn81RxjrB0h1wTJGnC_KhZVZ3uYifBnUjbJcpxK0qTL2nf8xj4qSVid0xlyayTRP6ma1ECwTFtIuTbcX-UglMsArQLBl3X4fMZ5jM85W_HdMAQaHVAoMHH2I_LR5iqsfM2Po3CVKubp46OhRAyn_mVrM1cDKqDQU5RiSrbeGL91VeNKS8JyLpplgXhqJaQ2Zu7pA2jmdFyg7LP-I0aNHWIk8cTIBTaS_5mqrmo-U2d0Xj8Wm_ZYtt5K1n_dODlzlnM0DTmlaIxr2JqdKxPCg0k9lcUcxYL4DH8_Kj_n-C1xiCYa7rxlCuSBdUSLyOk0QLXnmrdytKWjUyTJbceAq0tkEqWrEcn2YehL9JXx6oYkYAyuxl3NYGrx3ZufMIOtDUHWV46nm39DREpzkYesHQeeCCfBByfV7o1J6eHUFAyEPHKEbAMiL3rClMP3WMqUu6WPDH1iZqFf4zmoLAInvH8aItFWtv_kiESsIsCSeVg9AyJ5lZJEa-MqceuZM_OGvvpjaEOVuY9VZo6d3QvYH84fscbjBowKdwKH9jhedtbaXF59_24s7-f9FMxgveZsvBfErreT0Ay6d76A-wc1Fr_amaG8HJskEOLW9y9BpqMfVw6YmY8YZXYXSGmQ2IECnC4QOD9DiamN4r9-WB9O5saGZNm95eq_lEYygg_Vv4ENIXnx3X_baeUmEfUTiE6g347uYZ5Ruk9-eM42WfKE8oyniTu51LrggXongYebQKUF9CpKD75SMSreUNFyVRhzf5ViU5JrxMhPIkwR86pgJ_AV7KL7CtowDMt8VhjQLFv8oGPJWDvDf9KbxwtteKUnT7flwJABLxweroaicwMkG_c09pSwS4rYm_xpycy38VwkA4_18gYy0sjuv49_C6Dj_vIOzOrIPae5jMmbVBqpsABDPQUJ2qYe7zHlMOhnoGZki0apPoFTNqIdgDsMI782gkDV4vRXO9_D74N4iy0Ns1v3lN3jLvU6ot2OyDhtLweetzui7wD3to6F72K-FfA80lme4np24KJS9XgAmjvhre4XJLGKsG1cQo9ZxBrQvJ45bCfnzuKGOd62ok3a1z-faIFetlOM2f20agKXAbZ7bfaSiOV_JzWEde5JWjsOm94v9lMkmOGdr6KiWE9z-78QGZWZlF22lfUDbAb2x-qoYykB7OUTnFVNsGJHxLu83liHABzz-9u3KB5h-ky89eDCRBPrYTCI_Co6pJiNanG2XRSwgMhDqxSPPbdqHf15VNwKRz5Iod0KQRJvAZBLN4e1xWCLpfqwYZyBsDAhg_abHOMy2wSFK7r5AW8nZK5jFq6APFo_jCsg4ZJlNVgNRoONoBS6iy0lwxXdta_-Pamz93AEDnJ_YQ2jDrt2rtIUTAXNXG_fi0tSgSBNAegArp7QNeUd8AcRqN3V5SBCV2lLqviuxXxg_ki8DjkamoWdtIL9x_C49XLEzjRV-SMFCNcFxCzmeDf2MuLYlaC-srWWjI579Cmi2AEBRjeAqubDAO9iz8INl3UVpzRvsFUDiz0Er6INkPyfnoxpgeffEUt4WeyykPqSFqcTZchcpT_Aod85VlWe_8D1mMC5A6PQDn23dRNjUc3NUmwBI1M6xNES7s95VMM2enmaE4PiICUo8ytSUldDYLULK96-VWmNt0uV4lq8Cdg8nWVFmAWhfix0AK25OwmGYT1kGMQuDR2GYs9KXo53ulkMWOUwA1XB6hRHZEHnWaXLGdDmuYieqnIXROdL98ggZg6nyJIzY1vQdhVl_0iablCLi6JbWiJNaBPDij4kjvpOkfQ1Ya3SU_anZ9y5cpf7csItgpRSTeeMk_1dUlRWuaQQEONJMFpPPCvV7dS_cBwBfDcteuFoR1_k40K04a4bk2SXpDxbx6eUFIyf92cr95HLdgvTFHTWSwTQPYEEcl6qzQx7K3k78NnaKMWfuOdqhRra542msbf4_5a5t5tI2a6E6MfN6B_Y9VE9ko4eA-fNkHOw3fMaHAgKshMoS0kaYIbBM72BRg4kpsLggYWkO8kdxxPE7tGr8ZaD9GVXcB8ljerl6_O2A_V28fSQk-DpQBFkBR6Op_fqNIBZh8WjV_Ilshc6AHazA7eHCjU51kTKxj6SwkBr9JRockBuveMvTRF9kzf4qE5atX85KLO7Xe1APWpTf5pJ74zEKfrbvumTMt2tta-8yk_WRvRYbYs1XbVvRV9NiC3JFwFG5g2LVBlylM6f6-_sWkgbRT9Mc_ZliXe5JXpLSvhTmuNSuc-UIm3sAUC0gCH4iD-ipzQHynYP9WQ6mirXppIwswaHMAeOoHT3Om1duSGpNxIzdKLAzs5m8jkIPzxVundkA46qH-2PXeFsSpDM-RWLGMTrRZDGk-SxPnar6m5QI5SL3p3-9IoCu1OUqAoWzh2raFQoSpmAMnQlqJUF-4NPBeyp9421IYITqBSSWHhNfd9d9_0o9DcnWhab3xd12j4htdN9T3Nw_WzFb9zBK8Bzs72jQLPPkImOLIMisyeu3jyWcQForxg3V8OtYSPCWbpbJWv-LX4mrLnDxJuT-8IpL3IQw_9n8EkAficO_r1G0g-O38vjzjoWkCo07nA24nYJNssm7rPw7VHqdyR10vwyQhV_kV5FTtiXrF9KYjwYvMakfFhczNjmkS480mfilt64TP5eGuDXSKLsV_MpvjASccpW1WyDBEYiBIA1cM4gvKi6OMWKIHwcpGmvnfnPDikkGu_5ZtuvL48L9KoLLU74v88emXA7tE2OLQUWIUY1sMRbY0CEzfZag5dPj6cFGy6Y8R5B8EyKcgq8gO02awzSyItPHqOy8Fn-Hl661gmIN1iYEUVUeu2HM-_iqscRHrCea1cnF4On7Jc5ZgLiDRX5zBaPWC0L-OcOERXcpPPgsFv6YZXv89ZfKmSCPUgwioasONkIetM76jc3Cg0XZTR43ypQnVhiex2zoaRH6FC97V_cOWEMdL_Pw-GUb7FYfW4hgtjb1Y8aBzkvnBcJKuNeBuz98B7csQRZHHmIxnrkh5mtUVAB5bNs87dd6bW91_R57oXvI5IsuLZ_NgPMzcHllz99nuR46xmfcvLtwe2SnrkleZMPCkSDbS3C-5LapE_C7s_-lRsWGUYdIAnuUR0aUtLvh2ywBGBfr8OJr2kIHUzIBUhw1y48ScSVT88bWQnn-o4iJ4UrLlsIwoHvfkPeCAUBL6a_0e1QPxkifrx-_zyCsBeGhypQTm8ItAQMLEq6eaeeM17Fbom1IJoUl30OJv06MnW92_py1CJpNDOgaEo7sm4LwJSyuaj1KkLpa2xUcESAfVd67NiwAc_1BtY6Ws9KSKgnmmAxZG3559LExhBSPjH8ltjTAA94OhwyZeG_Ko_8n2W8EOq3fzKDoJ9DbqfOXQIGFBPnYIi_ihuPL1U8HbSTUC0gTGJf4ndFMCN3EYyU0mEwVJ7R4xKINg-k_yqNOOZhuqco9i8VsnwX5Tb9bz8doUqCBzElQ1RsBRYRnLZXkwQkNcReO3fNf9n23Xwqr_hgw7Cwr5pjSLd5NyQeLbaVO1Zt3jQFE7SKmBRTvkbd5Og7N00Dsu9DeHRsY7I4N2nnmS5GaCLm4zA0rtVND0-dk1V3Wpf7mqByzSCI2E_j5_LhKBaStoRAwG_UXnc_9U_yZ_0euDwIbmlWgPHEzkwRd082XwUZKPzIoAN1nuq7Vi4mkqxPn3L9jOknI5-zzFNiWhIAfGfh7Kdjzp5tISoogajs1w3mry1QNRdzB7V7NUsWA3rUivU1cycknPLCQMlJjFU1Q0bi-sY3Qfs307xUmL9dqig5syvxme0k-KslNTO6V83N5ha--kZ9L34AzDPnP_pa2uWc7Qd2OMbtplfuDfHZ7h5D0K6_nyiGQxG3TF6sp16N2A9hUJHfrvnNmnyDWVgZ0HjlJxw6UlOkVbSppZqwcVNkne4y83BN9xl_I_blzok298lYcUZG1VRli3lENfieihjnm5CjdwRnTYUGK_gLpCg9ckO2S-2FXaJfYP0NkFXDOb34MG6Bt7y0iJmTfK8TNJWR6jslKxJzBwbjpFCV5DeE4x5OkiZjl_Sz0uZKryt3Hw2VGoo8VpegkBYmop0XtAR8C5Z6uc2tMWMxs6jPnen2Kb75Y9iLq4lVcJRafqf3cM4OFNIokd8twenORQgyWui3gb3Wrr4rDPEPyQI8S3SnpWy0NhfJuxdI40Pi56nOAW1XlBdAcVV0H7shvq5XYNPCd7fy7xs189Rc-Zkv-CkvgIdJXdrSzKuKb72y8ZemHCqeCIHTrFVeg-mZqoip-hLOx6sRkQcntWENUDsKdXaKoLJ2pXWe7bJ7pONl1dIcQw5P1C658Z4yCu_eyKGSgEL3fYBhKEIjQcEU631PranifG8H5HflLq9EkCUlBYXo3nDTnCN--5WozBV6i0q1tn_HfX21DEBklKniMh2UlFlTPoBBRgGWjuhvtDYvR8WJjYZmS3dlm2MIdRfS8n3JWbbwiit67UTaQrmVf3vn-hb5coE_lvHML6CVPBdXr9sXusC7Rw51Dc_b7ht4UtubFnTzapMcB17RiXcJWdVN7hz95TtZr26pEx9OS18nBFNb7fL3qF-AJlMhDxns2tcuJYofg3l8DrGPXygn_emrcfaxNuZL-8wGdVaPxa4oT1M_Y1glFyaviLTJEx9HgvwCStjCacMGqbLIJYVARziQ31Dwf7IAwfWidZ2P1pzYSZMOAMEGx7LmF_KxDiI2m-Y9wpsCP_hvTFGi9f6EEo3okWc_5U068ZGbgokXTAJUGls9-M0j4v1FE6FN3XeUQTAmkp8GntxVNjLBRm5hObzPkTgxZrQjQPzcbiCyyK-1yPmzp1sVPYbS3b2hoyr7rapY6FBq98DLFIrfvRLeVlspq518-GkgP5fWhzoo3O0avMhbNHvTqmoWjOCjUTQaMi6BEOUxzEQ3X4seiEhd-rISeWmgcnMSyhH0qTYfgqzsC1h0GefxT78aWQ16WVy9vEmQyKiPzJImNROqrPCzL_fXa43HMO8wARdkjFyobeN9J4LYYzQKr1V6OuwyOBjmd9wTVX6l9HT8EIx-5ratchSvkB5-CAHIfZ0tIhcx6YtJHsm8iJrwxpqLawXgD89JvgdUjAvYh6W8WvEcZFtLkQkJ3FCNH1xfgm_8OEWt27otGw3EZIyCuyw2wmUiO6TDnPbIOykBcq8yApNmKZg8BzYD59dJ-7fBA2h3VlwXD8PkxP5ljgbxK9FnDafHVp4Sefr5-YEF82tjBsakTCXzrI053BarOI6AcFN0Uy90neE8RHXEzhMymYxx7FAupwWeegSGRaDu9lmk8yIsaFmgrKL1_v94eLa6LT-EPLQTk70jwhyCmUhTa6w-4Or_4ge3i6D__Ej82vObR-xUhOZv1UrMAaFJL3qAx0-5bskPR4JQ__gC7ZuBxzFvtqDOViPK8PMyJhBqV6FfyxWm5flNxdBfy3akDvnvcOMNVocv0OJhApP7NtGwh-OKE-KVLI3ScBCPWyy3mZCCUvaL2ZQ9HGo30dDDKKy3ZLAkC8VPIU3xoVMvizJ9Vk4mJciUBmqRc5QjMVl_4Y3kSddYPIgsQGJqbnf4i-hB75p6l3NKtEbQLKsp9Wu69La5tTcxxDw4srg_Iv6yIyrfYBZgl0vHjtJikvP-lYXGFiaM81E4ZG9njNF_RWooltp-Jor5gojSmy--SwV__Gl-PriPd4UklIAfWmrojSJsLfhTzbfbSRL7p2gswjffOQ_kpWp2893WpupJC9N_Cgo7kntxRzdNdfdRmccp2A5ewRLXEshW1wCKzfljSn_0d--bnR18qn50EQ6_iU_87uyoJqMD4uirTJvNF8yUBCs5PoljKyZh5jwX-5t8vue1m9BLG1Z9EPgDlsBsryNwKz34ISVlTAXvx0h0VLVSoNlBVFZ_7TTDN0pOfMPYACvYI6gcXzykSKfmxRdURNKAtCP4cf_Hu9IkqNywib4Maer-nJMRDfVcwL8kWA-7IOc9LEVQza-kObqTpWVgMEX9xRbtoWxJ3mqClIXRG2bHCOCbeDANLyJi', 'test 10', '8.84 KB.', '.html', 'surya', 1),
(149, 'User/Files/captain-home.html', '2022-06-08 18:33:47.349588', 'this is 9 kb', 'sqTyCLc6ojo444aq4EGNCAcQRRSo7DZk8L7-PubOrjs=', 'gAAAAABioJ4zJnzgMaVczRNdVM3qCPE1d3j9VGcLRzZoIoen0WXOWm5CYAqA9gYCsuLM0YCoTOfii7GuJzWxeSE_IsVwfgOypiKPftwLvKVxUqhrACHc-lyE2FsB560wfOWKvCVjbsF1fS5_aqs3p0OUKUaw2dkA3rkOWafOaFp3YMMMm1O6OBHnfj-TD1xs6e7dZdP_YYMaMPytNJao6ZjnElDn37FczCVgMVLFLcxRtpLReP_ibAZXcNVIFZY8Dh8zftRzbWqy23JtFvq6rBcCOpjgKzgrohGVUJk9RINeW777yAT8BZ6e1VVu0f6i-q7goZl3GDD5eLo2qSQCcWC2AVJQVlZBbEzLfvjMWP7AhuKNLwf93DauN4cXLGYYn8PIDsEpTmqH4kj2j8t2Y_ap47M1LUpVUd6xioVkyFj5p40jc7oPxieXtlL4ctfnXwMwN-OcFOaewS1uFEDKO6VPv_SNPR9n8sgDU64GUTZjwFlhchz4LfkHzBbnF-7pbDkpFLMV0EvTAFJg2ezCs-qEqvVYITJ3yMeQne0R6yGrs0iZ-Byyxb-nUvcrpWe1gFYiLwUQWkvElLcrS5FbPXIPWQC29Ku8wOPuJeq20U9fWqoTQ_Me7Z2mV8hK4QiT-JyF0F7eRBOh_dzjswaGya3y_LT1g2HYuCG1XEJyG6q5EM7P9lBw6wDEuQ7pW6rFrCZibRYzTLqsR61hZhogNUWYgVltVkm8vGFKksIKkie7-V590yuOYrbuxPJ2n0B1LnWba72_jJjXL730L0QJm1w9hOxUXaNWHOSqVm8802DdkniThBJOm6oEEahtlgChMlF5PKod4Tz0jGAtWrI1vecuhrwxZlW6DrEeStCPcwGrbmo14aO-_kBGaDvyKOczwcjzbsHGN0nlkrZq7xmZKlw3EpSVkT2du7GcrrpYlZEm5f3St8im98c2x-goevxbCLbbiQlsxhOIFwRoW-Fm-PhD8wnfiTEKDicf9DH5Fq3HayLYJdoC7rEKqtzpcfA2YDOMqSGU9UDrPLvkBFGNCcf1NkmyF0VQ7XHuOtUfumEp0jaWdJjkoXzLw2-ImvmigO3M44jN04XcGym-izozM0_FG3OPy9B1hpTxMZ8c1uZ4UpcLRVTtUHtfCNBHymTMDMZ-Y3_MoQ4n_fiAq6Wspc90Z9174_5sbuECl-SH7OXnKY2WaVe_JcnnrGgKbuYKoGPzho2fGX4kOGMXQCscR7Y93nEkdu_CPPeeQsHcJwxVdLykxcB5MVC9Mh2zse3RwWhph_sznVTjA7VTSkXgmdAxXMilwV3SmSuW_Gkb8WAHxs_u6R4oGpd2iQlSi-xlPJhHn4UbhHv5plOf9yi3FjouIezQnt0PwQ1LKyfkbcHTIS7lPWNDWFE23hIf03uQTSkwYnQAUYXlyn1sb7khrciY8YtVOX4foI23uPtQj87Q7ODFEkXPBio9MmuD75VQlwEdDQhQAd6ZGD8i2Q0re9SxQzg_95NKKiKODzL9IvR6_NA0INkr0PkU1kDJCMC6RUZHFRVPmSngp3FPoT719yAFE7dfIaHFsxR56cUA_BsS0cUpZn1uUweF0S7KaX6WMGTt1en-AhusdwepdYDggDUlRvtgiy4w5d3CYkIyRDBit0Ygt9rtyU2KUM5rmyS1mOMziDvh7uIlxGL2pJfuVu9hyrwZVI5WDaSHGBrdKSEvs938SYqWYRBDq9dOt0sCbHuHY18UIfK4te2K5_K-sXXH7TIIOn4GxQy7ym6avgzI_SXbzoNqs7Q9czq_qYhXrYRSkuEBNpSPO0v51T50fCuZ8BqLic2NgiRlMksxG1m2UOl55UESfJmv6vLc6hhVC4q3AdUDL9Ie0J5xOrd6LF1oVsabHKch8sqESGlfS4bVbMYdDhJqUETK_M6D2dntOmyVmbzm1qBmM4KLh4cIV7idhTEwQhUembaIQ66_TTu62fNWzg-2pmDn3EgY__eNFElq47md4CZZlBAIfywQKEspTWFE6N-XgT776VK0dSUoLp0DOLv9-W-coavwBrDxIhqwg5Z5aM_2X3gPl9SV-5MKmeQtGkDdDYPIikqvFgdiT3HxsEl9ylzHqX-cNTWG2eprUxXNXv521z8LTzEc2Iw8MEj0yD_8lNLnx-FwiZVt8jE65CCeiusnB3twAVEt1oBTH-Z35kE-CHMfcwxSsODbCl_AWOreeRy3btNzVEnGpWfD7loAG2FOYf-LvLQmLXo4XpKNhcEyQ1pu6QGDEj05lZl2d9SGvVDgwUfmn0PD_72ui7MtB5gzoA8bfJ5kbA1WXnksRzkQAwUjRO3Pl7M7J-9IDY4aZ_OmthNORoZgtUCGVhFdio6GKsquj0o0PPYBQT2Agt1XoPS50gIRbS5N9YvV89Nd5fK4osktJfbz4yL6xy2J-mZer37Y5RAo4uiWfcfJSv46XZad9wgLuhyjDUgAu9GlEtojwhXFJRzUZKqiCgV3FyERk1XevBieEI5KUTxACStOt4ht-FifWRglUNbAYhbNhYhitjFiAqsRFhC06YJRtlQc2aeJN96h18yetmakEPsBtnzzm8YUYeYibbsL3VgFd4mM_qGlWaHk8juBqNO8JwF6bIzWCIglgPuk74vwIKPi24orHJYyNGQzgttLP6S6NnfP8J_eIyMWPI1FDLrRlOPl5ZwKMiOBCMPL4-SXS_98jRPHN3byxE4ilsM218DbJxT1kKbX2Sp0FF3XTqiVDmqf48uASEE9tuTjHwvRv8zSYxRJB_nE6RlSBOa9M6RltvLvp29_DTU47jN8VIG2cHv4OyTxgGOm_wxMkFz3gYmIoB8dfrU8tMwaVrA8dmXVgEGOhKb8Y5yO2oHb-vKZFQZl6NJcTp79-o_MIW6BetD-wmQG6tfAAhLJMM_7xzIAPAzstwx0JT2PW6hnY1FzapsL62oCzge12iokLCQyM0Ju8MLGqx_8Ea2ULmDFT8BRNVPmHle5ByQWONu-3OUrGtyLcFLedfTuI3r38yvmaacF4VFjY0lwpDLj4exvrE1y9pc_2XJ-CBXobL9QCKn5UQzYyWLr0EpiDJZCURgSV-Tdj9OvTrBLmym3MuA8ygI3PR9faIQfhcKcLzrHtaFf3MTNcU9y-7KSA-iLrMFEeGgNn93080cZRqK9AEp062c9Ltlx03MLw8GokzvAuhkZ6rnvj40F-C2EXwMDuLgfyBrbJKrTaJ9Kbt9iHQxdnyY6jNkOiJ-gFD7fKTBFVPDGQb8dMJ5oPQKr1XqSgNSWkOc87rrJA54SFRPRS5Mo3Ef79Knk4oFx_xNVIAjdtgtE_1zCDc44GKlXn9thOgIpY7m2TMrNqoDjzvj_Jfo6-THv0NSIC0LLUmmj_zQiDjhwzxVT0tH0V6PNK4NKkSlmZK6evzXWTQT-CA0HeKOo2jaZZk2z6-0_S7fNhWVYvbc74Sav78njfEYDJPem_xPlum72B2VMIge-lqlu8NbwHgAQGUSNjfyfEmAkoiFePN7FSncVSUWWR5XZSq5Gj0OgInlxBMB6n65TSc6vofMvQRCy21lenAW_Sqrh2f9cX_i7SWG43HM-WinIGz42lgzx6tVKV2iP0y0Dwu1ngtHTSW7g0q5NpsPWH1gXvtWzhH3qbyUvuABSyVWK8m697qbskhbqYPW9NMP5W8VZ9WbHGNdg1AhzEyoJew74eAMBWAo6vc3ajTf2gfHkOu4KbMXTBm2Prk4ojnADqBwzlJxZUsAQWYGgjac63MWSkMbLhc6v7oq5c5bozF3_DF_lQD6VBIlW3BDVZnS85GOlQgx_cpqic6pd4pR_KhaoWAmGkX2WXiiSNXTId7Xk7cLW8HLWz-KSkXus-osZyjro0TRCvY58sc5d5rZNKwcbE2fszokyhcSayJeLpOBUB-iBDKeQGQ9wc3hV41PlEhgnOtqxrUxjtL2lYCELUAOPr3RaBd7KYkGF6d4g82rsdyZTqUyBvHreCYdnIL6XMxO9udPWsNEXcO2hAAJAmkDTNXMmU8ry7Qqx4VzuD9CM6X05V9jpgPNq8wNyZVovQnsI2sy1PGuo5FfKWqVBH3kP-KjP5kIdeX5JQXd1H6YSW2kLIStHw2Ag4KJFxsCnRhH3PiSrD-ERAT5PBmG5fK-1Vcf8gJpWaqKLTSGvHMPa72rSKRUnnXNde7ctmZYU2-pKWvqolyQjjKbvnDHaiRjJnEoys2gnj9Punse4_SDD51WJqed5GbFQwRBMqll6qtdOK2KiqY2ZLwGeM1SqD2YnZ1wfvE63LKjHpDfOqmTME3nGeb-rsP_VNWTcKM6vvKBAPFW39JiJZpj-vuR0pFNlPG-ybVHf_SjJ6E02ZrxdFWebFsnuY9hFh_2Hb_91W0dghFAiPi8wfh_26yfXtttbx3E7rmHol0lQYfMrZLEd8MzjRNjHOtFP4S1xJJuJu-mKtZ1jpCCcD0675ooZlCbRayirSRj3mAMA1AFNAazYlvzwgOQhv28THLLvOsLsXSL1HexOY4Wjy5K67B3dUbptBTDpAo99ljCfdpIuG78PbtRqhQxERd5MhBSTyhV8b8FAEBtlY-_5sWgIQRiEq7_7b_lYhvqjC4A3Y41xVh4dEQpiUNNEt2bqheCaDxBOyjqDQPlic-VPQrZKVd80qrQdAOGyWh4IOLNDoHUdKVK2aA5QVBvyuKMl8lyI3f97oKLP4Pyy0o9t2meMtiWTiju-uzs4SZx6ww7PDjg-L4taElHHxVtnBnqlDSsVshSz7jf5I3o5RHO5cOA7VOGmYq-TdxGn1CXs_ziJqFvAoEvwnAOL2RNLhqkhFsjVqiJ64vMEEI1giuOkh49PjG66AP6xBUMLTKnx3K_bZo05o8S8NxtGegMXJdH9ArVQue6DxnkZrtIugwTi5uysw73dlf8MUNxjv7GG1QbWYRYLqvUJLfw0rOep2y5qoHEX2Ot1stMZzIA1uclE9VhUFHPsNCPlMNSb3CKpN8D0auHUWvC1eeZve2EZFevnRcAkhTgAjnQ6B6UxM9RNFv3W8sbobLamjNdYisUQiGNSNpPmEz4OiOuMiWMtlfudtEZvcYaPuoB9Bq1xYC8mGlRl_9kDoGzY64YuRWeRucACNXgX_gNlwiS2tYgchRweQQufYK5NhGwbR4LHHu5ORKHjOOPumoQQBaKfn1Kbt4gAqarl23m7Yp-RI9QIUM3mTm8GD8xkMpc1dGqRhNIBUYSaueMRExv_zPjO1uWmFu35NzAnFU0dXEPjbzaQ1JH47axVf2sD_iJ5x-wVDdjcHmZ4Mt_ZRzNEqUxAj1CNy79wF5AOVBwroneUUM_SP7ZSFTLiCwHOGCG0oXD39VDQaK3NbQKkEO-iOJYf4TDERGC4pkwpY11IHaWIIEyMnNHb5AyUhLTMrp4uy9_-Goa8CJy8dttDTo2KBDA9Z493nEeDC1M2BOXf6zh7gkjgdOfkOIn-LcPqknLmRGf4oLfwubUA5tiTjY29qrV8WPFkhLScwYloR4KYWSPheHY72VHwRwEShBNDa1OTJRc_QgmVhgqpXrRHXkmMbDkkyfcimwLJDWuSyu5offHWB-7nPuXfJuq4jEpRvO4dXmQkh2045pokeDzpzeZVm6kiLOixve__LIvZOjSds1GuG1oYTsdBGLQsXdQ0ZBTTJifOYH8gyL7R_h1e-Oz6HoaiNwFAH46wF0Phoc0x7kCDXd1KK1b76loVH-byKLeLFtzliou1AU7Au728fmxzdYLf7MJ3QYw8-sqFpqqShFyPWVvg9R0Wuoj9rR0ozcrlNJPd_vd4mfpnB_UupQyCEYBA8z0OdEpcm6SIAjbcT6adRNgL8QwfsBVLVrBAwdL6aMse2JErw-C8Ho1sOtf6sx-S-G9E_GvOCp7zfVBGE3NvDtXVr6DM3t7T-etMAzkecuC236wLo9aPQX84Y2olSQCGv_rsBNzE80gjrG71srl2SEF5WlmX7fNDzXqE1CjGR7mPgP9QRL-rZ9ocy5O68xa0TzvDdkAFLSLoPwKdUMz7WTgxhKf0ubAvuUxava6yCoSUGjZh_WrdBJyObQe_6TCGhK6VJnq108LS1pt0WE-O254THaNazRt8N2rXKLxKTY7GlJOoOxdAm-hHX9D3OsCbqiBAV12n-xaGH9Ug_q3bpMFGbu6U_E765ODK8Uho3hW4-AZUodbyOR4ZT7vTKfFmeRZVw_IodWE1lBushMZC_qtL7aGQEIy245TJAOMXwlxni1XKvktZtBPT7Z5_u-V2x7ZWglrt7MNk8f1OcbaMfBdRM__aMVUyNoauJjb5iQLEVTblYLQvyn16RVOSyytKm6uFBK_8oa6PIvXW23Vre7kXZeRudpdYIUWVyAQUyBIS3CjCobQgw1hEdWrQU8C3Hj7sH44AM485Mq-Oqjy7TzmaU_FWevm3BLPAP01_0-uzUlicN86f28nOEyDT3xxDZSsQNPk70GPJchD_qOhkT2KIdmEn7I074rTDkO4zqwYhq0QNWqO8xKtuM2VFi_vbr9sIfdyMqjCNwp4m-akSCuEh0_EBTFqE5L1fp6-L_rlY5yBAo13lEwlul0nD_--2KDcvYljhxO2SEZiMhobt7k6bnbK6yONYlYtSPQc37-No2oXI2fRjO4fA3n88GDYaVWz6GydgWS-deJsJFas8EXV2zyZPfd9-KztVGVTiagf8JuBfZHJHCSsEejBsS4gozTNdKspSboWCvDAnh098ljS3k6TGtizXn0GzyhjBzTRutDvLz2WvyAw0L7T7BE5vYBFomkZjzP_8bWz-Ag1uu6Q2hpXNx1XbTEyjExFrmbyT8STWH2QphEonAhjBr37Q2Y4iQDKUxnsTgRzqE5sll0JdEHjOlWxdmCkL4UiWwn-Ee_Zd7311jfPb6gQ-fpkV0lqrLj3-BFajZsAsCoMdoU5xGxRV_F6ALg9r-eOV_Z0Mi7VUH60A2Qhe4WHCmOF0oJDmRQub1ZkN2Rxry5zuKdg1d5Rb1wlsLz8v_KQibOA9vummiRJMHiJJxN-JpWkG6i7HUpkCvI5QjoP9U-FdQC2ptM2kz0t42JXvINFtSnjgayOkwU56SpoE-aEWThMwV8coYJWZTyfmpBsyrNxRd2ScoVx9NhRkKy6j8y2a7rlzBVjY1gPZFj7LQALv0oJzvhICAYXvqNStcrQ0BUppbFf4aAzB2vvLql87edXIjaGpybbg5GVpheCNboAbLSWctLEJA_mO61xBJReP2JiLcTsKcA5SXFeMaoZGKgLlSMILd_dVaFru01aAQMdnfsQyF7RkXYlyANWPD7WOBYprOAXmRa3_CV8Z4t7sStrzdO9K7GTRZwlILmsmDAzzsWnxrF-lkH-1G15st0Kh8bswD8F8wMOoiqIlBuS8gevyEvNcz9CUjBU5fFDMks0RU952BVi33415KZIzFROYqQV9KatATbEcCMZPKGad__66_N3l9eEY0X0YgCOFDPFEAc-eu4wBXnw7WlEXISQd8b-xDCdcEzOEk068hZGkOFhk4QquDyP1R84vJg6WtFGHY8DP8FNFGKYKstK_iWV_VxaTsexmuQ0MmysRCMG9JLC5KsXTBdB0XJdtlzgAo7ev0bMIfKbI9k3vmlJSneE-SBWdPXs2R_0DcEwXNauvSHNQlyhnxos6CCe8FK9Z4h4fUpmXdUFXyGEMO8SJtHyi32HpTIbZhCsxNgoZZc8YNnAW8EF8ViJyF_4oH3Nim7boAqsuVsHV29A-8HvZAOrUamfK3kWRxfKHm56genDU5oqthPxvbkDnm-F88_zSPLAO7wSq9MM9djZsYe8l5-_fhVIOzLjXFiOBYfOGpPftUCGiaOWm1vPiuoDigvrC3_AUT3x5KtPAVkehSQLrAxpB8IqhREsK-bMybEDkZTzP190LQoycgKFUJK_ckGo0I6_5q62I8oxWQnlJfphvo6qNHTW6Qx1Fo7lP_ARYKyCaMmi4hXqQbHxE3bD_qnW41fiXXHV1RB-MjLbOicylptvvH-5dVCQk6rcqiL-iJmn_xbQUY1ItIo0eZoPoEECvBd-9JNf6qemg4J3j1j9cm3zsm99Vzya_oKnp9wR_KS2uEk3GGdjcCsuQVnoeuw1p9KgKIDEDHBBpH2hcRtZ_SYLZIaOhrRN4yjOcYHvuF0NsNBKSsZlOyCFAjemZ3OTUxXhymj9PND5V52UaGszdZVOXLsn0UQLaLyYWmAthajmy7P45neWkYtxoqYEdM4Lfr-NsuHfqzsebjqeVyJUuB81lT1Og6C_3mYQs4JSTc1nAVQ8Z2U3DkmSD8C34GSfFJ9YjtRtt8IZTF3jKHx9IHAR1MwycZDpHcNgch0Dl1BnVtT5FyZR9vImUNWeecN-BcR4NbjpbdYQHBbi-SXsmisTA5h5SVccLz4SfJxPog_jSGsQCQeblwnhsa5Neiuaaho1opJgaaRcIITHclAKE57rwIgpOVNgKGi2-HeCm6d1UeXh6N_o_narLG0L59pGzMWnHp7pelFtjLSjF24K5Dr1tJ3bqJqb7ImV9R3FVmc4wwyd7EccIq-eGDxKfMYBvGiZBiPCjYbhjwFoDS5jhhQ-uhAvWWZjSD5wX7bIbBd2yGmKg4K3C1ZTzjjFh6Clkrzy6Vrsckd94JHofLeBaVv6F6dscF3TyYGRotGC8qXDhfBuj1eBe-77W5NoDUFS_KWaFyqf8ZBaGsf-zEtYmpn7GqtS3Clyv2IAhT9XZe91aLwHw5Nv2VGK4vY_iyzn502hxM-1s1TXRlXfL0401B4Ro8-AYqNXct7YGHqQLKrH5Tku4lu78p9WQpaZbvsmVv9Jm9k5xKKuaPhjlTkGQpb5cgPpTTIN7ar8OiJWWcth-Bs26zf61CBBz5k_ug5U5OAXn6khSjqDUbvlfidlY_fO_ARMu_flVXNCy4WyGHnqGyWcdq9mAoRkMtyytv8SmcHXTOXbrXggT-hfXg_2_XiZ1l6PX5wngKJYxZhXSKru9usO4IR7KfParlBy7hs-Gc1uLzBNbpMxGf4Gj020j262Q1OawA8E9UXWtd41L4WRiZ9u7v94QPkgJhbSSZvZLPl2IQ_pJAn8anVjjIZQlvz0T9c_ruU9dCCrTUa2n9HtLMrapy1Pu2Rqp_3NLC165gomXOfWptVwstpZRKFqgiD90mcPrlGAsl_LPXvL5XbLsoOYFMilbMg9J1fFwcaA8Nr2YqSR41A8_6OzDMXehQsyxL2NeiG-nZ4yKUDjiIrUnQ8UpzXMKBTV3qrSsIJ8CUSkC43I6ioOkORMjnkbAvyBQfJHIX5-ECQozPCKVXAsTLbGDm3UAPuO0gjxLDs1OUf2ES9E4Y4vKDReLjOPoVDQJR-Fzny3kE6buiGCYnejfVnJvF3-nzieVOxR2pdFR6AnhIAD7cVOw4PMiWidhJVALnZ7z8t_onBZPvCQWYwU9xOgWwV58J7XS3wUK_nc7YN0v4N0wTS3Idy0TceyKjmF0SIVGlq-y_dDpCeveiSHWY38eMqcKmQzj74hlV2RoeMjH_Plw-qSh8mvmhBdstQsBRzH0YHcG5NUu2qf_mJhHiGG2DZlKDkDRJ1_XP-gL-uIQkedLVneupDrhPyPtolPJvkxdklfMJweHGwYTnqHsCN8BnB5_cuvALzzepMjr6qG4emn5nZ3NK68jz025Q9Me7Mh4KEfJkVOT3QjtydyP8J1KQPP7qyRm8PTIbYvwqFqPEV0i3Sg9JM0zkocTabP1KOvspuYIAtA5GCtQ5nVJAz30pM-PoUs6Av8JTw27acNDXonS7-jWnV7H5938VyfAmEVP-RxFn4lOBoghqjRBWn4GmRXS4CB4qhG-HEje4qza0vSqH9DZClKOf6Gv5lTvx6Fs_7T0wNYjBiluH4gMFAKET06eSVvCTK0YdSqLsnMADyulZqZCsKLvkbbYMf-lje6IcMdW0F1R5f7gvAiHjXLq6ZhQDbC0puGwNRV5aKLydJrAcwPFSqRYJP8vPuljlmxD_TCycPdwiuQxQxevKZPIlvHI0dQLImJxGnWsF0AlmQTacdYl32fm8_ZbINQ8qMyvKxWyi2ME3SWWz1lJsl5izXG3gVWarjTHcl3bOtLSWrKATTG33SqGAyEQHIvMlokdWm00TlHlC_Q33OIjipeg_3Dv-PW0O1-QJqZRvsJYXABbPs1lcaHcd6L10L9y_yr4cK3P7gn5q6fGS6_h6SknO7qdGFPIPmuMVA-_6pNax6-PdZbvecewFR_jSc2wjgXlDHqQe-u9_ksJboOibuL3OTD-xDot5A6CU-ZqMqLJGWGW-jTgd3Md1-5gHi4slx8Bp_c65LoX-LQYaGen5dQRBvp8pD-vG569VY50adHREhsqiWvlyZzniGbI4wasoYLljXfoo5-aQUzFBJTX6p-Yvk8teSMRT76qhC-0pd0VsF2Wl8eK5lhvL_pFxjP7hg08makGh0nffQQAoYsmat0fuPjwlfUhXZgKgDJldbQNVj7-eQM2cT8k88w5s9Sk9El5qyqFpAG4F8ceU4hIZtLxJippSGkuGlb72c5xr6UJjVmhxSE2NC4kVB9deb_b6eoyVwMrRQkvYtc-8AXBNRygUNW0XvrnnqqcPnReuENLA6oud5ZFVT-EkjJZmUNJ0zFTSRD5t3cip_zrNel-T0YCTep-JEJNf4phZx1GVWZ5IcIBvGkAXQjHwvMviYDBKgE6ZUyg33jz-5UT6sjJB5L5hOw5SpynKn15kBuHJLOss64EapfPlWkcdz0ExzYzf9eShCg8YqxVNNYarT_GopgYdJwc_AGtjmkV9J1ClSOFsNmhgLqUaliYeys5CTI4CqpR4cp0cIxT_lxY0SlkpDmZ5tOwA-oBq3MRyvzQROKLQqywAtQ6ZMv8BaPq8U8k6WaMJfT4aeSOKzbE-Bmxfg0I3ffTQmPjimIUXxkOeUbBQE0tB1np_4wzL6o5Hs1wSSYAqzryJk1m_onfhbUR6rbsWLsF7sCuNAV5fR4Iil9iW-RcBOKHPGCY1WWk3pfggx4Hgmm4ITnKJXtJqmDmGgL0nYkzrWtdsQ_aHs48_BO15ZHsa4svt6P-v5gCICr1_I7QYHeUB9k74OciYNxEjrH2prAdm8pRwBNdxAOJo_Iq0RKTnwK8H48YzpFd5aleu5rgsIGBzq1uUR30-GevpnsyfWv7sDGtIPqV8K_VkGNbuKtigw0kwilMYfyjspOVEyvIyhAKWSoylE-0iNwM5zw7bfkZE6iVE9LE6nVaz5tl_fyh_1JDSpxVJzL4Dud8wBt1NzPj8X2x1XzyMgQu5p9SoUVTYoXUtDdKZDpE_Z0z3-bP3bJ8eKFtq-KUPQH5i0oe-Vi2vwkEZhxKz3_njjj8YIvd3KEMK-fxdCAjoOu3a2Z-mfHbwHK8K9dquYsnhbf4DvR4TIrV678L3DIvfhhR8pcreTcDC2d-9M__UqF4VjZm3VCxMY7FV5y4KukabA9T3_uAiseOArARqAatguCfQ-4oVX4pEgoewJoDHLlYFLq-FHAvaQ6HW_UvUf-KVuvqVUXGfryL72sZ_MBDPYtO9I0oGyUWRanygE8Bcg9519w8o1F46T-rqjPyyAbX9QZuK6SFlvtB_d7VFX4o3sZEdy_20ktqopHPWzdfU0CNyRnXmngwMn8BzVjr85AqAtajtTB5QGPX1pCHaCI64lOQfZvQA9gdlu9NLkBLyToyUnZeqluPKHgfdmGSWfuQm_sXLfyanInnaSlNNZmL8hS5QwhhnydcFXSJ3GOkJwJsG_MBhRAN1z7npjNQZCp9_8WA0PG_dS5hyBi6XETHUj2fo01EAkoVIkeGaTB6IcfFNvudzfHEna1IdKORJZq2vOISW6s9cGYjUwgzVP1nFoONe8UxZZFV9plrA0sWxC71TrKnMlXMqSQ=', 'test 11', '8.84 KB.', '.html', 'surya', 1),
(150, 'User/Files/captain-home_XiJ0YIe.html', '2022-06-08 18:36:56.796585', '9 kb', '8zKoMf7b-3yXdyFQm9n9J_IU3vVii6Ujg_XQaQpXR8g=', 'gAAAAABioJ7wEOsJGTH_4lY4mYhF5kWYE9qMaQSmEyUK05Z8B_Kj926t0J28IQDvQ-5eqJVbo96_ESlR4h4OIjJ4NHZVrVtQGWkrD6gEHaxndSB4uzOY9mF71kKdXcSm6inFQkLQsQjCI5ebRpSZyv4ICVo9tAB7Kxa57RMKnFKyn2gRwBbdhFzdO7hslxTB6NpV3ZYPFMJ9MSq01ey4NS082h16bMbmOc8zy-76MjpTiRK4psZn5fUAD0vSJTACPQN5LhF0FJwJPWXbrOXWaT65dPN4SF-cflo8_vDYs_NGT6lbSBx8KDCefgcacnhVtXe4l5mQWb5gRPLKq4Ebp7yz-PUK3ys0oZDwssh3Pslq__fJE6dk4I2v0hrEeQjng11AC0treAjT-s242hTFhctZDsiAd1qtmZl2wjKmvqmaPAAaXgoJ9L0fDRhdOagz5_kS4y73IT1V7XBcJZfuKJYlCLysB7LXlq318kCmQhOo7Hz_cRYvYPqAo2EoCahLu1GUMEYzy60w8YBfzMNYgG6TllVwp1wStXW3KEThpEpsq6hSFjccgzsIPI2p8H3o3adCnYaIj1DpTT70MQmHzgw-bCOlRoo9ZkY3W9oOthcM65eVL99MG2N5_rHR6rrGSEUHCR_RVxnz9z-OIKqiZxgKu-XRzr0ebQGNj1ak5LHrcjJaEitBB_5Hp3nD_QVUxmQrq2n_3eF3a6HjkjwgcUDEwxIy7-WyJqGXB2RNjqvfm3lCI4xRRorQYM9PkKx8z0jUG8HSdGLwgkAzAjiWqs4sxxjh1dnfOObje_TMS6Iw13vS-BNZdQPBSaDUqsMWgOsw16-eSb6d2elaQkbdNrnMHGSY_1S5Jnp3Fv5u1UiJu5RV4cPyo93C-ErEv9sujFT7Bc4I6B7X43vJsWDS8oX7WmEwJcnd4udrgULKi-a2Nropw7FEHqGTgNCTjcgELQ1zLB8C-NPXDFZZQCcHkM3k3m_bOGXGqaykSgW8h9bi8-PSmou1GE26up5eOMhQ-npvNikMRKbwL1KdpEu20vplTwpQh6GswWwEDcxJN5jWHPDuD4bbP75LFsnVkhkPBeW0viT_nMSNTsEkA5nZX8u2Gn3K6IphHwvdDTp9jPujqD5Zk99RADSzaaLN4LeyTqrNL2eqEdzTayfQulmVuM2Ewa3H4cB0hwxiusraS9BDVxOMaGqjPnrtyrYaRY7lt1r09M6nWZrcZFpDKuJljtcbBbW5eZyQcBZ0laEhSvrScVkVzBNRomGlAQmG-F3TnxISCv-xgPxUBQDQW_LyCjnVRFVboqSHBKM7ZH0CUFUr58a1utRN66q5Jr-Q4qvgXh4jgkX707t_2562-D8Oy6miFjU98v2WeIh6Hyr6H-kjGQjNntU8dbNZxauMLZyavJ_TcGin1Y7Um-HoS4aeYIKjYEDP8T2wLTNNmQP32YYi-wQX4nyO1GstCHEKWmwynj4T8c9pMG6V32664FcqZytb5EVkw7b2-kXr_qgdSPflXK1ht56pEsXwiWf5tCkpZAtNu2FnO4QD5lTmhHslaOWuJJdimTxEBCkeLHb-vA4XRvXPML6MxletG9Y-OFhfKns6-ZnKn6iKtce7PKEh7jiKd-9lflf2fVDEdf1ATWgVoG0TeWln4I96caI4F6jENrlORhU6jba5Uu7cebtE_ZlPncVGZSu4I5uVDdNC7q3kBOHF1B4L1Jbkfh8A1XrHq12xEt4W7LPFcND7vDysYt0-LWWCyc2fM228typ8aVBsjorfLvZ8Jx3ATrJxCmp6c5l4z_aCsB9dAGiPyVGBwW0iVC804vZkhptqhFgt6Q71RGZLSiznJgOTLwNFlH4i80FQ2QrqeW5apPYA1WSCEYzSyXejRgeQ5mDzzJ9S1BbjmgiYKqvmy5JDB555247vl_A7gTv-3nTKn12VORF0h_44wD83_yclASRQIZAlbaCi1zZlLoc9TAAU6umCVli72e8UMIueZWw2yThgshvCueb30Wi2vDgZfJoVJtuDSMuiiDjo7QsgcKMN1d6CP7fO15i4_drO6tUubN-ShZXwbiS926h-mVYegoLesWO9WekIafJ1Wua8f1uEyQ7JNIJ5DRv_yqswtMDwjF7rVonYRnYrKK9kWKbucluQ3xZiHcitfp5E9colb6J57W1efCAsnTaZNZZN-AgpQsryWlkjeUWj5ajko9udC8bkUg74En640x6m1Mj5tDd9jwI_p1psHrOclUADmJKjmPWt_XxvJ_HaHXRor7L5MHPnH_3O2842o6tp_t9dwJSvCCD-TIUIBx59g8l_66VZRF6fCFu6s5ce6pNCw5i00f6FpIjLZDxdS_mX9inbNx_yAI7FYvF2k_Pi6BvlLN1Th8jVALUP2hX5ZaHDhq64p_dDoslZcUB9urq1SUHC5JDzJ6Glt6U-WdfJHOK8-9gUDYtnJtLpAcHokRKYEFFm7unmwa_wntsC3tjbgMtwnyIYtQq88ySwJ9dWYG4VUCZ9jt5yj4v1bSCitokOAQxNnjDzlpHsGxzH7DZPLs-GN4J0HNJNAYIX-UC99hVeEZaqjdzQTWAUx2pB1p2zKqR58HurJzaCUU7QWGtwBedFBe4IMlivJxd0HB8IYPAs_XUL_8IWsCecyI-DKTe7R57HEe43ndV9A_lQ2j1qfTsXig76mdE0MntUMdyKaMoN_ZJcS8WyADXxcT_zumla996GHkJC58Gmfnqsp6bX51gNiAqW_8A5wuzCLCQFwehi0fGCwc3GjtlDWR0RFtJPVIMXkF06c9PH4PuRRIisJNLMBoyfqRpaXnMI30XaYv_2f2bk2u22wEQaEfy8HKelWv4k7yCdMDdCjtZASUnG6lj9lcYISmqA1QLzUrkK1lUbWh_qyCS_lEAIFFyyf6iEG1jvJYrVKRP3KohKhB-ZS1n88gxApu6R-QpOMP2jGJvzaC-NFK1V0JQR21dkQ5g0yYVu9ObRdeML07XmQK-nm5SSlFyQwZuSjROU-7h8azQf1hbUGEYxhwTA59EzSHEqt1AzC7vQb1WKbpZlOskFf_VSuTF8tONm3H31O_MYmb0e3tO7v1o76Tc-jFBTvqMcGRT0wTp9_jHC8I_kFEOmqf3XwdgEcAprkgNLizXYnj1WgqtQAQMpoje1QfNJEXWIq8LvUJ_vHAqPeOUim8vFVK3d3HmvSnqo_KSupR8q4TgfS7-9ih8E27rIa4DRVG9Vefy81shzw87MUd2xI0tYZjnMGMH6QpQD6a2pIIbCFbEtJBoovMtpT678Uf6ZLdHl9H-53_6qjKmG2zdR82SrxsNZnF_8ZoLOSzSinzVJ5gqb-d9crCqpZ2_0lNjNzraFzacicPrrlXq0uG6Fjqs6x48xQdMH8E9rHD9CR2LGvnnzCovYEyDiftNbPtYBxWyGGDRA1X62AiHw1dVKv70vByL9D3eE2PU5Anny8Xnx9G5EbnjR9Lu_Rn1xcdLDDCGSIRrMdGK44b-OnmvnZHad44eJ9-y8UhgjEGM1eWuMS4XY8NMTXwiv9R3LergiD2QxosZ5_gPEqvaKE0B3zYgqHbEEQKW4oJ5s6BAzuCxGqDSoEjZaiu3qGDORzDAeKj29tN3YcBy4YkZuKf1msrmP1ud2ZdjLPXJZhte7VpfUZJ8MZyGldgrsLJxdTEb8c7C2PfLZN9kKiHcbCByAdf5bfWytk8tVmNxHDKhpwmlDAH9E8NEZnOp0_Q3z_r2UmmEvb_T349wbCyyLq_XthABrI1UoHw8z0n8ESwHRzLyZzsqAIf-6nX6hOjeaEoZVE-aQaupIhMDgybKFLWZg8MlA8MeElxWVOjuoJ5ObIYawjUU4A7kInj2S4Q5dqx2peJCxC6Cb4xcnudmWRkmvbXm0HjoqICbTrS6V_m5RdhMesLnzDchN0V-q6KG5e3k-8U0ttZOcAEZoVWu9ntO5v5rx2INLzFnshFqRmayKYZMYpyp41_5NWW1ApXyYHz3SxalebgnrzqsdLO9ouQBqSnqutaOhERmkj8GZQfXIYiz7Rry5BeVb9c_Fk9nj6KuL_PWfmPru66kSH1wlbDO18lbrCfz9svGojm3dJ51hEKehX65k5VhndBpGYPj0PbL8ZdHsc7aDY0V9xd6zKk3I7kUPC6hL1Bm6MI02BPM5VzrkqwWAcKBqNIULSGdoYpl64lp0kGK9U1cPxKdyq44uv5eQwhUWOZ8zy2LGIi-MhQ44DaSE6uj9icrITaQRKDZ_m3rV8WNechZLqKSbr1lutY4j0YKRJv2HaMCwzLHVRaF6bFWki6LO4fdMUKHQy_B_DUXK0BRrYq5BGmwpBXj8CQE15SMPdZGtS0W4CQUncRxu8f9xhV857fWCN3ibArHihj9WwhUaAQ3PIX6unUTOnNO8PnSHI4PKMiMe6SPO88KHYNMviPZhBg4eyE6IsgV7qaZcmd3UCWDrY7skH7J7bmJN0XWZ7H0ObLvpR7IKoAw_lVj-OBGnj4hI7AM4YCe4ANWO_fOvUjmnSszADIeSFRkO8ppzoOjCowFVjCWCDZQX9e2mOICUuCHu4C7ncumrEoQzSUI3_KUmnqLZbQMv9PXrkiDFld2vnyZos2FzVbS3__W0-K6bAFua6AS3EGxWIUce7NeGSTl9-BjTuYzOx55vUJIzU99DyzW_rLun2CDpVE7VA9LDY66Rxge-JIFzg8ws2p0kXp9I7IV4VkxMlzvAdjHwtPnoNjiBaetTfQgpXB2940fjdi9b8BqzluprXKtwxoWWwUCsG1pG2gTAIx7dqJ8L8ILqC19WFdMHByssdlQ6hNmeAPP73TIiRKtUtzUORnteBvD3gTGm0UwSfLPtwAOE6Uv-OzYiihlDGalOab0FAYn1wiEvwDVRVOZVC4MnwWT19N7n9CKvMAZHb4ejXoevhl1RKFmMg1UdbM_GM7Y-_Vo5P1H6g1ny5ftEiIMQsJAVExSNArtahaBiirtp_BSJnfaB-yFS_cIEkqVXkSKA2G72YxBgtTbYdER7-JJ-Dc-y5riNo_0-XP_Zcq6TVpaAxaDU-TLlKb_l3ChTUdy9XdkL3UF-NU11TvuqqmWQ_9GeeAy4YBmEYZwWF3VTurEhA_WDObm4XqVVOClpJ3N8CmjY98G3ttUvu6EeE_bVzKVOlBOcbPlRnfLlUaOdzEf2hygk_tZXy6BU6TN_f1seuJRDwzu8-yxVw-6suW0zkK1TizxOCBwML9-bzk1eF6T-UpkulQz999uiE3BnlK9aV9PyObCTSzeh2yLOVimbWPKAiF4DhXzZoeghaIYOAjTSAsjm540vd6K-eZ5gJiGGommrf8MaMiVdnJ7w4cKStTMIKYjYDhMVmIspC45rFmRB7XYSdR6XIWWesxbYQQzJBU6essREm8d890zUewWtbOvgkuOQ8RycT0XA5cExl_bAR2HS5LWp6D_Z--PLJd6huIkUUhVQmNSmY2vh1Ho7-2JysR5D0BG5bw3ouAyz9cH0XgkqWD5LbHIdRRPSa6OtkIoAJuOfMC7jx5hU6VFql_zvU4GV9Jh4Cvs0H4PDs4zxAnLan3_3tx1eCn_htl5UG7MoLQ7pMbOvdFxtXQLnP5cNpmnHqgX-r057U8Q3-OHu5egNt0-eP6za_-vezToHEtk4vKw61QxYmorM608Kt_hWpVrCpUQ9CkTIoo4_0pT8oKE7Us3X0F2kABNNhc-kIR3iGji4Lz0WBk-Nxvy4MiEqyMqS9yHZkCabWdyNCknCzUK1cCEXY-yE-5HHKjOBbdpoZMLz1GqoP34f_-O1WaqJvfZ83svKt5_wDsCgAXlWdlEBDQ2cTOWPh1AHHO02mQhHhjzx7kokTL5I7hIZwKMFa2Ier2-4EQNeYvK74_IphsUntt0Kw-29-mt4ET5B8UP2PEb8QSJkuU1UOInhTCKUG6DEppqqi5HxKNeTkQyN1RmRDJaDuFkmGX6s5nxaIGstx7NasGn8Y7Yu9xXAG3PKDwP3DLm5jhSXftfkMYzIHSRvOwjMV12e03ne8eCwV57te3NzrlfsY6yYhiRKuC8V5lRljzmqTzZPu_p7sqHfvo6hv-sB5cG33FTbEH2UStBdivMnRZQsGQjcudAX_Nq4pp1yW6oQ7vNFfn2SIHw1eb5T3As-HIGswmaq5cJ1DtrgVLabJ8-lxyufEKaxYNaws1VMUtEry7UN49-r89ausPJR2JYHJiLMXico_vBI4ljxOWFQos1UM95_K0apGzjnK7KBLn3xFXTbogwXYJup2E9q761PdpbS_ankZP7ipH2TyzxS0ruWYtZsU1WUcdIHJ-CWJO7vHYXs1N5chBh80LcnQPD7KfNYC3BhzvqXS-a32JaUx0VA7tCq55VJgc00gnSMPmHgFyH14yBKhkQdWuOnv3ZA7EAAGa68XQV7F_Xoqktk4Rd42XLaMeiNMGr_BrTFqTG-hfyzR_EhcR8OXxkhXGxr3YFMPsH8nAwmwPYnn4718F9AHA2Cu3qC6buhPI8KoFfyUT4SI8UJgscXyMtITJTU1fhPXfClNmUh-EMqkfhqejNO2qW4NRXCFYUwYzN6RnYNkUFXPxVpvBervgRY0zQ4Tkrw5eT4T7Go4CQGtKkMBPDV_TWOX9bVpyGF920Zt4oiVujcVDIrud5IW2CwUiu2f38HuJ1U4iskfKUqatAtQXK_p-jMv2jnbkrQ4nGc6XDqIwOD44puCAoNLo1TN1H4hks98SyT3iR3PN2Qv8EQqZ48D7_n59bsme_t3lRaUwMw2668HfiQnk8kejrgh1wuUhqa6VVWEUrllR46mFB0WBs2ko1o6r8ErQGZrk-YWcbZmDVc8Qv7bTUlK6EmHcFNN5c5jqnRq6YMb8pmAnfL9ZDgLolUGMo3tmVdDLSVd9VqZBePnSNGzp_xeJfWKTrSrZ5u_C4KBNXSK2vLLkixZRuTVQQSIajBYJ_P_d9wIUWeAnkd1NbX-FaQ-CcllxeMEYZQcITCYNAOy41Tlr9ke9lGgxO5pqEgCXxrvkwiPEfRTZkqZcIafP0EvtxSsGHeIG9-_4FKpgoPmPKMYwmZIA9sewqbS0fdl-H2rj8Rw5UPkqCEG3KdnCAf5rSHXjLtjTLvAciJFNSSidwo-1Z_-ffXZlGKf3aaXxic1VRae9p0T9lYmn5VQ-Z921LgG9u-18PQsl1TeB5-lTeQ7IzR4GmIlmb_gV8XrE7ewKc-yrnqJyO7VO-vVQY25KabGls2XDbUTlVDp7c2sThvq1IczFX7zHuKQV51oXi9-jSly6mvGe8bQ1hkLhKf-8p5A7gCoSzOlJ1sjeCpa1aq3LWNrCzZWCEUb3VVVN6gqtfaDMRPkbjG3QUybZv3Ti6UlKp749aIt-s-d2gBfOSVqgBGaXa2VSQfeuZA8lQhCCckBg-_IwS2jm5L1tFN4OVacorKVMC0cnSvixgiujecZyagGXoSzoC-7i0_1s965YSfZqailXbexwAGkDCEMKOJQrPJcJfS1S7EpLkehHrk5NrKETRmacVDlkI4296Ux4OVkS4DmBAsB7GvZQk39uHm-leEwfNhdsdm8yS5g5-srRAtRE9rfF0f8KkUTJP5mbKAFcuPhdw5AmfqgwwY17h73Axvdsw8eUu7no3IuLEXNv3z03E5k3iz8lEWwfZXhKx1oh8odi_QvL2vg96jPeay458B5tJ-bZ_dePCxhCGKNcD1qgut50_yVG58G1t72RfDtMEcEthxnDXdxydxtHolXSErIR6B-bXh5m55CcuVfLURiOv7syr6r9MPyHUBzS5vT8dFAMjtrcuSdguZnZB3h1_KZF7W5TPO1h_2PYEzx8eLviXHZiN_DsqKKAM4RQMsyqbHjRYPtcIqrQCOGesZzm_CfvdmwKcZUycrjTgNWYPMAMGfh7ePD8lM7VPv-09h9B-hEP_9shvKZ2dLaU5j9WOdwJoGPopG_bBxB2ivUY4OVrD4yzIk1uizTdzB-KYYBK6BUUEtEqN4a-qb33vy5jUEemRpV8EKsYQN8k3-xrPRfdvvmkykGlxki9ho8NXpc5-TtaNtI0BgtcLPYmEOdxRZNamitVO0BkJ4cUgZZiFXZ-8dK_Sa2ylAT2lFSeaMyHK1ZqX4KgHuXi48P_Ow9mpNib2xEea5oa1T965ODJDs2SXU36oTzKGWU3JDGNvu1MdrPDzQsHQJqyX-XrVUTlV18csgy6mPFXo79VgwIuAw9tJ3EupIYSODicxj9k_DSRtIYRPM57PWZESoGMewwaQr-iRs13lu2YF2QCXUZwDL6ovub0oq_2BcJdl1m9074oJQ2dGZW2pofvT9dou0ITSIMpbjdhzTiqOHq8wL_6nj-LnGEtnf_ZDSLKe5UCO73L3d0WN0XNlX9EBtQV0qauMf6dyk0WXNTFIAmRUA7oC2VYX22clXbquLPUViQJd9dsuDAb_w9xjrntJHrFdXqD9QiXkcPyyQG7R9WRL32hbDeIXOMSMyfqypNmBQJwY3q9eu-g17YzejW8b_X9-XbQhoJ9UHgQ12-dni5c68NKIszW0aoEm32gJVd-hgq_IuiAb7KEmRF-PLAXc3dcJ6Y93UsQhwEweBicrzi09Ic8Mf2ZdyylkV9C1Y1GvMh1A3jXZyUHZfpYZYhjxmpWUmMJcWByyQ-adtxSS66YYLwBpZLaMQEVt77cugtm6_ZXb9HU14QK-6BC3ws_Dig813zJtCqAnkE2Ssdj-lO6Av2MB7h5LiYA7SxAXCLtu8znWIvGKCwP7uv3hHbKsWmKE3igHxSOs_y2_hdUuDdKmuwj_C-7dXLwWYXHkmZtG5mwwekfemsUoGqkhHqiHPxGJECkf6uFqB7fCgLPSnfj0JEonv0EpBUNbw7eJNW0fhcPCEGcadFiIf2w4ruCDbBy7GpmRVDj08VIfhMPg4DaKidgJmTtuvbtkGB6hrgnTwhMX-JE9uHn0ZQBOZcs9v4KvvgNDnSXXORO1ThvC4c_ZUlT3aYXjFYbwm5Bcj3_dVe1KJ-8aTJ79UxOkxpV7w7ez9IvurD8fgDCsWhsXW8dHYElGNyzFhPtTaCq_rGECtw2ueJxEf3k76KDmA1zWEcJ4yns6NnfMbTd0gygVA0WZ2cNnZwxo6HzXDRaAAn-MP3ecaoOw-agSzlwXNY-11vZEdUU0rg14mB757dNyagOCZisAjiIwt1PxigVQBVEhiqVvmNikLfRL-BDXQV7GvMpKLYuOjoHlSK32xKqI5HZUMMgeSPVnQuKtRfT_PV1sMEcFgnX9H6XCt5Gh8A5eDYk_C99wiclytNPI3pzYRvpi93L415wm7nd9DBED_GKFrLDZuJ10ThoqyblILGvo7e7Mu8lu7-XQB2rsA1jxz5ngUcK_7RmSz9_8GnHl884cO9scP2IpcjbQQqQhYCErUNUQCLa1ZkhHdWp6hm16r_1PXe_MKFaRKDrMKcwFtmQjt5-iCA5WgLU9cCO--5rktCQrlGeqcfP-S-x2be7J4l7o201qY5U9O4z3kxSMHjdqe-PzGHMOJGzQ02GbhF033I1PH7KFD8PEYdSE1sDj6GGtch4-VrKsHJg_JcLPTGA239bjNhlLfXntc5Mc4NgfJxwjFzk9fpiF-ovYlWMjXVjRD9sej8VVd6y6QaCu8RsI8PSmr5WwH3GTfAkyHIKQlz-T7Mp9765VL90ZQaPN9M-hP2kwFvPST6Vj6pHk1hXavAg1qqKiGu7tSfaKZ6t9G_qPWyQ1GjYes-uPrxdlY4TTK6qOUROuC98r7JMb5xNUln7HBzM3Pt_7i2NCi_R5G0DldQD0MWJFGwIbU1JE3s4B4zRSgao92kK-Jed3zjkGhhEZ4LXThD5c43n4snS7UALCsglvR3QEG8UFLDRxZHB34N4cBTxn7OoHaGx0eEtP9WMAhdUr_wjiiLDj6ecTYS_AzzoOsFMFvTAKOPkyo1JR6gWn9KOrapwCWRH_oLKH-gIW6UI4iGB6uhXJy0I4nURguut9Kj4Ise3SpeUx23TmY9cZYDmIpvTTgcGgfsQErA01marXfIeKVzjNgqPKJ89O0XV9ZLfdBE0LRknhmsYKm-YqcirSWe14AahC2iBinORFQ4J1ulPHBokXo3ZBZWdkgZGqAowhhOvcJ1JLmQMPVk8vlCn2hl8wOuU3-GeoSL25f9FnegEB0DKBog9sVq0gJOYlE40LnyApTrdSqaEztdASJ3LksmQBZh9D-KJIFwCRwG_UOc_IzcFYOHByWMWbxfgqgoogldNlZG-XHrVEeoPw9rj1xDKSOL20Zb-ZMIC0w9UAlP3zLFab1vYVPGtiQudEsphIvcJ5nIl_RtcG9XuuxAajhyW3XTrRe8i7-GX92SBSiBqd_5MAakBqxobeANpQtMamH7fmFwq6qAadYWJ9mQLY5rGLdqwKzzptNSxP_gyPm1_ZV_B9YWVabHWr7pKAWbmZpi9l9tbMw2yRZstyJ5IFlNuY1Nj6Wt9ihvVRbDtbB9uc5LhEFXaSjTvVv5270RrZGX0L8kruYMk10I5jv9NbJ4cXbRecZn_ObuOoQUlNHBo1axUnHVzLxqUIiM3qqcSsVZ6nm_d6Jbx7LAVVMS_JFGAX7CvH580FW58Sb3rRb17yw8YiCFb77bI-ISfBK3OHVN9YIKBqAArcb-oZfNUZ7yupcZJRYE3XXCz8-ymnYpvJFIirYSPxQgSkaienK69ptUmRkgrn6psKdoq1I58EKyb6RbBsa0o8iB56TktAqK9M8Cbdqarm4cB_X8odPIPMzPuQiwD6V16agbPA4zTnHGzKZDLQazpHsFplOPfRj2fpKxZvzU8iHR2T2APMuyMavHLSDPNTrMMMyMcL9pOM-PSUcyvcRtNIKLs-5v_z708Mw56zpHs1IwVoOiGFKKu8pqWuVODGYBvtP-MglLsCPXpoJ_FkHqGn6KlIh45PTS2NIyoPvTr2hXjzcZ8_O67o1gOLLyNF5UyMdkeB7rezNG-QLarul2ysxXZ4546qcZ08Qk72dkTyXpcIYgzRHUjYhVOvH-Cc0ULVmRIR9Y0ntApXkNe3pOD8MlnGwEsPN_6QozlYtq8L4j_R5bZLuLL7F1YWKKf4beZCGqEcf01irGy2FGHmzo3bCM1fGP3a5-W-KGZiVUmoh_-0h7vprHd2-qI4h16Cf3Fe_-cSPMHxjjfhOd-mkj2Bxtqso8n84aUu3LGB5FeelOY8pMGBTD6x7wCKV4yeND3CPyoQJJl0iB3gfrs5eNUCauLlFxP58RhauCExeOiyqBKKBDkOWw9WUbXQK1Wbhqore4sNpx8uHoqVsM9TUpDHo7QyxkPCcpbp4RtOZdYxt9t6jUfNTYuxiPeBmtW7FL0RwbLViWIzLvSKJHSr6tAf_YCxX3IAXIr53cZ9wrxk8NBNA5o-z0XP9muXOp3Qv0jmEe5MvJYnpjEuIvmVTO28dBIY9SRuFO-2Jdaxpq-0ZEaFiMGYP_nlqhKwgjmSneALZZExzdsumFf_yzQxQOqU6Ve0WidPw9fNZRvZV8Xh2LskWIWnCuCQJIGEqbv_9p-flkXz1Rm--gXE2O8ChOhFvA-n4MEXyYV16h2xSWOhqmUN3xrRcpBB0P0uATKJCwimvsSyjE8sXDFNLvXrEkoThx0f2B8S3h_8xwIr8-8qIVqoEiD0J7bMt7_o5-0_TIp3WeS09mjOMwGY_27iHho0UNV7Qg-4AG_WLoe0oWPSH4Bs0D_WXX_LihnL2eWzYi5wxQRpTwjWSPPNALMfuZb2QNlR2oksacRnEkysf5mGKHJ1b4k4wIE8dsFgaCc4hGglQQf0nTWfAtfSR8Shyf6mlFUNRcTxdAGwwnWDRP4gpmQNBXr0K-YVINtBvD5IQrxP5VF0G2dw4A_NjLAMzxkh3i1ZwiAGEECa57YpKFNdtHFqV4b3jCMGJ3vjV57ihCBvAjs8yHwuIVsNkvi3yfdayCY_8zk8Qu-UD-wDSdeRhmVkqlxyhCElszu_s7ytMbNXOoNopO4KOku8ss5XyixKU_jo50oOrjhzLyfoeZL1KzpNgguaHlvufL3uxrWyi3kKwhNrZXI_590arDdehh71uoMeW-5EdB6TFqxqX52JceB-RIZZCgDhJhBHChBAqkURsSDvl9SygWVe3vhKpHTenBarSPF59Mp62pFPHJXB2La2Q-4a98pJB7dtd8RKKWNhGRvsRfvOrVcwxWBCSL_oFMSK3mnDlKV13nz4RU0xG41kvcPxedPB-jtniSlo8eMz6jPEocIbrB2mPi8ZaU8qKJA_djyc6K_n1lDTQoPFKu8gir39-Oq04pZ8gvTJhsBCs2_hMwlFuD4_G1PheGECqk5WZvJX7kzKji38J7cErNx4O4XtV1UOX0F7k2wSIjrui-Ai7WPRJKogSvzWOv-LI_3v6QwiQ04zOKl0Se3Adv77MjiMXtndJt4IsDJlWQN-FUcmMbBJtovB7dCgyy9IBEBjQS1OoX63FKpZ-XnwpZ3j0wwUPEIBRc1WQOBTYvPx_tk3KIFDpdnrVE5SfNOl5RIG83iMIRaJp-SKVQv0d_f7aGvydTsapgthdH0DY1874OgDvJcfAefUQ7qE-VlwFGzM6dzf222rkMTuiKPkcApQnAwYvM1zUc3NmF13cJ8subu6KFlEVte73jOC9BesRrcsIfXUV-0JI1TZlVn_jYT_X2BQCEmgjo2D5NMItyflq3Udqj-EDGJRoghp2x1K7fqOJzfgSiMOKy9EWM4E6N1cBw8xJmzaKu0Im4YlZlLXwLocKp6PmgV0BIjXQhu-ShYJCny6ZxL0YSmbFpkMx3522DQtOmZItlMXe2nyH1VyXAOy7GZSqznNQiGJE4O7j7AN-gzK5olElPXS4GzDGSF6tAFepb6kTCPTNe60fG6NDUMYG00-rMehBEiSEytip-jrr2Qfh_97LeiUOnniLu-SkQIEhCzAu7JFr6k4P3WbeSrKL02Ii4fH_9fs3EvPc2G_uleUhjm2J5nJV8pJ6bni-PMdaoPSpl1Fg75o8WAx_6DG1NgKZ8NL_bFL0yb175wCIl39wc6zcaIA3pKpSs8boEMC8_MnmZTmFX-DXdYbaGp_2DDSnBMJ3Iwtw2CeYyurRHkaLRaCwSiTqKLQ77QI0dV8JsjXN_FQ27INeaTIIv93SqWykWgEqu0Uu5lNS3KWDjFlqabmyGnrQmqM39CJJkgna3VTLuhQMUJvG09SHThVqbAKIw9UEt6TuEYhbOxxvTNDC-23jBLxXy3K21BF3MpZ2idc4vVJzfRRlxU8Awp__tkm5I5A7md6GbMSDDVGio7mGYW0U5hdNNG_IAvYcHY7TETqkCm59MvwAsW0iXUlCYInstNCwhkEr-5r3d0uzC10oBZTUoGu1MiPa-RwFvt2ty0sLK8Fbw3uU-up4ez4LfRmpTMQyGrU2TJO97eVhMbgOCnv7H2eyTTFPjjPi5R2Rag6mtXcEvOHbuThmj9gIwgCs7ctKM-id3tufmHuOOmTA5499cYOLvI-4PPgPn5KnExR4EKT-urVlQyZwg3fXnMcH4_ltBrG_0NTKcqnnHz5DrkoONAxK-EHYrlAbaKXYGm02Ohsq27vZyH_3uTOP8tSG3JNPjpI_EoXC-QSRq1qI8OpRIO6yTofFOoKl6-wWxMdwuAKKqon-uLJYXgDrEMlAg7wJs0M1f0lU26oaY7fv0VE_UAeguLALqFGrdee8xCrGMSE8VdQfCmYLLUq4F04MBpVZ49Kqi72u4TfvkDCKq7xFehP6A5KJfIQH9SiMkssoBtqNV6kTTFMxCxqfMHjNKcGxR6_PJ87U-IzKGYfGxTQL3tm4Gf02H5y46ptQG-YnWW0j6RzabubvS96UlneI-PIlU-KlbFxKBTpPsj3AcozIvzpz8Tsn4v3eYoc8efv8FY7z7nAhPyiYidBClgNtnVVK0L9k2zqs9BZdL9crbmgJ-H72e-umvC_iMQmSBX-JtjpoywIeyVhXddPXQg8RSfrRlND5Gv4NNyRCvVWsFUtIlKyOXyK8WP1tYpq4xAoMQ-XIppmzSDBR1xI-XJjHQn-wkWJ5GFF9yQKFcIpODHVYI0w8H6RAN6OPyRUIMoiwgzNE_A-CDKnD_b0wJww7vUy1858YSQSh_dftZhIEXzscbUSJHT28LwAB0tE6jDGTJfi06v7oIeZzJQpaRZazwv2hxMGgI53n6KURoT0x7RncocsBEtS7n49znAC4lyLIqL87tk559sidT0eV6S0Cvj_vMdaSQPBnMEW1QYZJ0Qz2EhvWnfZu1sEL3acbeEeAmMrDkzmFWGwlOZCorC35DM_eOI2tMh7g5R7AdC-to9Ec9lo-oVVt4JbsIYe8fqQVBroe3cUZzKT8PKMiHo8zvPaWgVJCw6FrGD2XHqzG1eKzDFZoBEGo7vUcmSpPXKsLF4K2Dj1l144UWIn7Q1H-tcU9Dg2FW3TYNv68v-Vzh7HhpXEQ17p6DSdyACUkkaCeGsvMDaoJP3kbrlpxk4aQ2_aYX2tEs1_CS3JbhOb0E7VZa6gfpuRVutqalOfWwr198hjiVAiGTh2WBxY6LWFTzAPbCGfUzCuuSHxGodBwsfSyNjaADkBQpAsKRULD0XDv8-fOgbScZI9A3h-rglUTw5nGeYZKTp6m_ejJDq-zPfm9wS9OsL8grkW82rbDa0xpskXAZ1-hwt1u3R-vtIULngUn0wyEbSlf8Up7C9YH3AtaX-DdSPXh77o6ZBZqluat4nKu-ZbznI9oZYv5vgadFIGFWsejXHyFJMhePwz1gerX60uhLKJ3CFG1KgmouZDzuIGSZYPFC9EyjwvNBxYqfTvUcBSC0GMKf-pAMaC8-rixElmpTUeTGLNoR3XqdokV79QdXeJPYgYOg06xNBXcutYwLV2_6G_Lb8mjouTyFWf2S5hzDCy_CsTnQC2BLHvB4POrKcMD0aRCswlFCSq1lWR0zmqWBAq-mWrY0cglxKYBexKT1byXPV5XzRRo6sbdgcQcOI83NVGD3SnqAdnz4QafJLb9UXn5IpKKKL9y03sXJX3uqf6S_ljM0nSlHFsPcfM_Cbsu0TVa06-6mnMYMm9y8ArWh1kjVDzLHGmUTef1Xw_agpUeMZFCNTIGILXSZbhXUG-JKWh8uVt48u6j2AqppF4YjMLQG_etsTyAgdSdJqtiIgHQ5UUpZk8dP0YK-EI-GuUgeiKzDCVGISqt0t1F0rx4GNlcjWoztM__5l8FHM41wCw3VqRDiDRMXfGOTJi-xdjCyfADxuvNSdYpNk1vJksq-n8Euqf0mGYEUb59u2lWUUAh_TfV3tBv4lkyB2gaF_goU6kGD7sGJGU_ZBzHaMwRCHTu3cUW2BAfZxRWNulORvSQlX7alGxAu8jR9ci6P5X83IfLhGnHwkE1ylanaX4-k-woAi_RdujYdlowIjLVL2aAfhUFA-sxm2HPk3rGJOEv0dake2Q0hDkwuDUAZiPBL_VCY-JgFvjM0bLUOMtcXoJDSl8eIl7WexN_LBfjDBCZ2Gg0O20xgSTjN2PtJngoMTPEybBcJTw16VocMBVpl6gXGewLbZPgilTajnUldBUQiejFFsq3rNDJW1G-zFt7CvDp7Rb2_zwemYyT0WAX3RmTT92UWaAOaj3suSNtOdTE8Z3wjhbCqnNlShTBAR2H12nBEUkxyS0v0YK3-Xhr4or7kKuEWpVzX3kUM77tL0pmx9nn8_b4a0fulqOS5dGkikcfFG_wCKkIK0qNqyBrq1xHk0cMktCdNp1685ABIrNcIYvVOEnPkgKjKHOhtYrC6ZjmLRULXq-Y_dbXEYLk9lWDQ8-q0Zl8kB0WYT2V92tc8-QTkbDUtHGxiIv4jW4ilkyzF1Kud_c8EM45FtNwTRH1jdeQd-XKfNQ-5FY89XGwrehn0D25SOFLl-11rTsYAEoGvs7EOVz89G2lkh8zS9scofgSNlFClOfMfpnq4X4sw7EW', '9 kb', '8.84 KB.', '.html', 'surya', 1);
INSERT INTO `upload_file` (`id`, `user_file`, `datetime_created`, `decription`, `key`, `file_data`, `file_name`, `file_size`, `file_type`, `user_name`, `user_id`) VALUES
(151, 'User/Files/captain-profile.html', '2022-06-09 11:16:08.487338', 'this is a html pages', '8wn-sHhD-S0rou5FWtFW2oWckz-8Lb4KxobqbLBM5jQ=', 'gAAAAABioYkgvI2jmwdHxr3JKPq8uWRl29cBjHGgJa2kkMYlxV5WZ1y3CdfftD3niGWxAOuJA9N1ij3BC3x6r-tVuEtpiKn2XsDNBSImHUsRlEVlPxSJVKvbptlzUhyaG9G6dHWcsi3Y0_JZIgOW0hOOjnB0VreeuIIRUh7UkCnye3xmpu9ViTDdxvFoRivT3s7LKutDK2KtKa2kzMpg71CY2pbzbv_6iLArst6h53JoJLe5U68eg6aV8YrnTo3k9d6ZH6aDbcu7ONPUjhrRHUsCukJfvZ3dXJFUp2gT-5admFpuh9Nl4aJ95ePRaMSiidjkqvHL4c4J6CIlT27D7-_21z_GVgGCZxPQ_aRHcJRCvEyDSf4EIXOyy9otOB2mkOoAb4oUhi3u0dcEmoUMSKP8FoUVLv29mnf1GQvck1psFlVdpYQAbkmOztWxWv115xVpn6HIbqdb5GVAqF636GbGWqtqgih81fxwQ9qjcF4u5eylp786F4MkuEY_3JMT_vgg1xcLTtfkAxipNcyvzYvtEpBtoVNQ3SKlSE_xCuCXmuCcWu3C6kgq4XXeuafd78jH9a_aJIz8BKTYf7aHcrKycQbBkNz-YNlMt2vlkrN8dQ_g8_HVLTTUXR2kLS31ZKpJvUzeXD-YU4XDhTpIH1vEDWdgzyXVhM78GzqL-hkx7a3uby8gI47OoAd3IQ6iWC7VkRsLtHZEbMHo2uRjIU0q8A6iIwtPwUHmsv60nrEKBI_YgOUiT1bTXEVY3I8CSAN6DFaUIJFuCh89ljFkXK08YGfc6_t0Yuz9WEajw2ra5DJPGzI5P6OHRft5WhsNEXJwhihqc7rO6wMcqWS63Z_dygr_fQjZEJbK4TY_ahqVkQYp4QjI0YbQvaU82UpNyD32Lnm-nHYALXTEVvzJguPW0nI1I7tQQjOCVibC-jLNCYNCCEEUgOez4w8OXHjoK9spn8IvTL4GckfzZp0ARvYmeee00hnSK48mVO3xXvtKuq9Yw-Y2IyAQ8jv4L12Cco9VvSxUUew0XiZNHRdPepnZ-BKy2mK3CKSs08g3uDX-JVNsAlb-EAi6lFxqF0L10bzNFHXk1k2wrZgK06sba2aiFOw4tDxavfNGjsaXunyj0NeaebklcX5HkM3bV0j92d3sFq759Es1zYA1vOWOOG6RCytUGOB7YLQZGfciwntax9WTitT1pDPcVPIKl33MMwePOYFxTmvc76zzpuJWzIXCZxF8i2WjHyE0WnpwcXPlIggB6qa7ttb_nLuk2ggRl8Ifu9RR0J5xy5wDw49__rLRPQC3YmZc9JPVSX3DmAdN5VOTMDFCdWn4Ptfd8a6vl6_2QwbqSnlWoeF6nYGuL48uF5LAWk_dx7I6HaB5yJOJ5S7stngbtYuzbSZopcfeQ1ab6czKbtEavm8B-joBFgglr9qnDIQTOzNn8JF1WptGVdQMT35ItN9mndAt5gHxD4W5bm4bhMYEzr2RH-SY7Z4LJbr_cHdDA3ZLoUzGWoVNdbVD450iaJack7nwkzWtw7EbKgba68nWNBEZpRdrYo04hNdv2wT9UF8G5Lwff8AU_1qIyVl1PYufZUhiwId978ohgtyVirdb25xRoxxHpB-1L56dqBeAjkNX7lWPeb0-NDYACoGo1drgWB-FBxiwuGV20XCMfmHCZfXTLnD8-JPYu_ZVoc3KYQnKo6GqGe9TWq3-UaKzbT5VsOG4B7mPJlbQJLoLTvFtwrgFUsb9_sBEQ4xNfWcl6IpMjwjC-LZqTGjkAV851MXaHjKhr9YTK6RAbSj6a6scqJiW0Asil1X7HJfSjJmJ3SqQ-WGKghy9jpoi5J1YHvN1kvGln_9LGcgastXsOeyCBA2oiKeWpPd3CQZDH1KSBXe4Qt7FdLo9H6SfE6ngdFboTYslqmSl7L1WMHDnKPDB4KUwC1a5n0THLVM_I-h5d08geZQphIBPK7JMM-0cXb9r4wlzDlfT_WfOrSqdd1Q5UYfUo4BQl2fcXubFMFmCvGauWRUv3HtShJKEYyax_YvXCq3Vdzv9ABt0dn21xV_xcg8Gqk2bSuCDo3nbct4XSuNlpHearkpIgky-O2b2Q7I1UfNLL70I-liMdCidQtgaTvCFNnBBA32O98CiFdq9DG_1s4FzmrOK4FdbnvbWyprG-BOzs4Y27Idm5g6qs0OqffcsquzNto5PjrkAv1Ii4nW17taoqzSiAQMHs-chnMq1gF6WJghtiADLdJIuGlN0JaYPfuxBdNGUL3ENA6D6_U4FfcTFPz3qOKh-9yfizbmIDomnbHnd7PxTNU7BJJCMa_EDGdy59dtmj18DzvKYP1Fu2nmTB6yT0nR42AmphY46xaQUDO3kPSXcVWdSzyHurkjZwtbyFEGb5P86fnoq7tjLX8uczkDsckrxA_wJ-gl1eJQSHh0ZC__U4dZm-521YCUBo1WOsw3nhh6VznpYFI7ch9uKe0sbVwNyBC0bQRbSIIpL67zE2SuB8dymcEaefMXLLn79GoC4QWa1FlN2at1BzJ7mMa2sSqOY3CBpeq_f15m9kqVWKYIUL8VyvHWHq3woT80_Kuga9_yRDbG4LHJNk5UQJX6yha-0HlEetSP8mMS7ZqItVkVT_gaiSps_-0WXVp7MNQcUkYFg9oU-gwqftQq_mVmc04UmErFm0RP0dMP21gDyFH4FbkQqm4xPH2u2iLK9Vk0iHSbBstQzn84hklFiijeduykHFB90EDcgR3eRXPsYyVGI3nIy-a5m1-ljVtRuE6nOoitQhrP1kKR3pCCqcU5XbyV9otUP2AkpPicdPP6XfW1JPj_VMjRIgCT46YhrKnnteBDTKIO1npympkLJak6bIWYd9T_5hCrY96B-4XYnaMtK13IdtqyS-7l-kQk6aOlKd9A75q5tSVSp-DvNV33Y8PRxheiloCoaXIcDnlc4VdyWB_sZo13rxrmZiz3dWmA1Nxgvc8EqOwPjEWEUGQTuqnKMLo-Ib6BDzr91twrDEUh3os3xT7_aHe-iawXNNyfyPh78mJxUuVHyu5Qp9EXGIFPMPO0d-P0ea8hMe5yhz-oiWDz_7Ru6jQ3wQe00qHdrb15tGR2bzN-2yT_SQwWljkHGZjPdHSgJHNKE5VV3NKV2SprEVpkJtG9SQJaQ0z0x52NDay6VaLZBzqhFqIuS0U0hCxtQ_SBAae-TGc2PWR307rCgrZKm6Xdn-cUzL8H-nSH3AG8jTo3UswTPbXv5I8JgTACYt8ZvE_FtMvWsmGaSDL6N7SR4SMkbRPwTvkRw_DeTWLxo0-r3yveWlh5seUTGcbngHBHmZwZUGBDH5EdYn2aD8IeA00AOnHG_jeEC4TzUhLDKp0emPqIkaeAL98EgKriaKlzXZy4ie3ucO96v9Px76JDpvl1nntlps6cH3uiCdcxJWzlLmMp4zLkYyjYeJOeaU2sARd4clj7F5pZ7mR7a9q5zU6Xpy1dqe9uctmrCg9LuGZDdizZTz-sgRdv3-5JaXfbVGOavFmRITvbn7cDbJq-m3rUO6vzrzZkkgDwn2jwL1MspaIsiv5zQsDTb3DDtOdkARygo0kaI1TYgjMO8LDEXIl33GMzOwkBuY7hLoZkN7mB8oKqAFbAo7z56YvcTNfLf9MDM_UVpsvV7WhDVjeZVLFN3zWjnfTL9Ft15GmonlTNowZ8vHCb3egKEaT8HVv67lhSE2x-hSoNvq-pOd4YDg87EM0Wbk8VVC09WzIu2Bt_TE0-9nN1U4HO9QU-T158gADv9-6GHiT2cFvUVkLnE_A18YuiX3Op3t4SVvSmMwVrnlhGtZY8jwiRbRJSlCha-0n-bL5fvfzR_AeYpcsO6F-219PzwS263WuwtIeO3AvVfqMOD9Wg35QcXjOCL4dVa-Gfdbt_mVQxwXXUOy9J2CFL8WVzL5Y0dSkMQZxpVRNoR1EHDbFTvh75fUtyRV8n272ZhpYRt773rT6ScVsjzITItFIaIygVCNVGWViLA52VFTiroko8UbOSOPHKZf8pEc1EBcjpEWaDs_iVz0D3CLlKkq9IV-XwGyS_I3lkKxnAUrraKO7kkhcyr5R1xOQxLa2EOz64dz32xZisv5jvehqDn5BVsoIIzLe0dfEkcWNawhnufDlTi1G2mjkvc-PbsGtRGbM6tuhBx022VG1XTeAwkxkBj0R8d4YgDIAxkK3x8eEQRBNpCwKO6NVcRbmdx4u-yRM_gbDV_WqIUy7iuq5sKFVGLJytnVrMGo0cyOWDHr-QIrvgfOA8srCDxCgpmKeFXgMuMFSb2MhJcKAUYOUXaug_XcZDbcaqNx_krPMDWF-xk59qR7rSbQ-e68GeYI0-I2oQKDNhcord-dD-Q9Nx1u3RJUguDaM-y_GZi81vv441DRTA55vj5eCQl26gdHE0WqEpkOGXHYlWUtfjJv524Ro1fl7kiFhzP4m-zyqAdodvUMqTYRGwiArw3WNC9uG3ch35bOB5H8EI24QXbF_QOCl1gQJbSgchRERaXKiWjNG22jX-X7l0cTt_G0UlQsaDT2Zse4hum35qP3xB_SCZtD3h8ubWgpEEwq0cpLUohJLha4-khISp2w-zdFia3NMpOkNmYVpOkO0COT6UdgGjFiLX42LUvUe2hUlM4Oc-I3MUgegvrmOnjAUb-p95vGiy1gpVaf3pXQOSsG0ew45PiDdowQ4r3kNfUq37u044R7wBOFKtTHXnse4u3snvXb641xoGXFHNzFEifEOzeJtrkVNLDLqyThbdfLt3XjGDgeALhrVg8tfAzasM7miUAv3e9H0w6GsnAYqxj0e-DTxJfsJBgQ7Ic7jIy0hE6jdGvOss6zsfXGs7VdXVBWH-b9uhiO8tKIQcLq1urlfN-KsXzI0SVIjGX-WSyiqsOYqyDkfTsy8fpAZLe0hRdvEiy3U3MSqBzuoO9swWKb66wYEW5xBrbJhujmeF28FCO7WhLqvEIT8baXEEivoj82xU96nbcD-3GTZp_n5bL_nNTupI01fOUb8tdY5e3-cC_R7zDYldKdjnl-jafIsF6BWRFagfK9qGi6MCXnv0eBp5RY1CH3kaVLUDO9RyE6zQZjDr4oFsXWw1FVaCEEoPN2NAQLPRTYtAPPZuh0lANdgO1wG9TG4J7jH-S-Yg9WmIfX0b68lE9SlGTX6cTt5ogLkmIuZYMZ7Xab18-r_QCU4LYFuexkajCwiudWRfzhwbcIYG8VfGlP2rE0aemuWJJeteW4JcW-IqQp5T5KLd5gcmtUOd-i0y9KahOH49CaPip8stCXPONTXcNOtLW8_9G8r-NFzvdKLrCouBE0a60vExbxyFFI1Xg_jUspeGG8d3KVbkfh7zRgXpZEPxHrO_KhV8-YxA9A1J2GGBcKYEU1TEBRrAKnkLcLPaQtQx3wlA6N_3Re4B5syK6B6IrRVS2weaFSNfToxM5J5_K9FM17T35C-x-MeSWGtzlqfFy7B1BwcNzNfffU3zKVMivkG_a_NLLzQOVXlJf0smNwlq04yGdkwHpyzy7o0UhcuY2oTrpf1DEhBr18TnBOP6QMjfQrZ25zS5bCoUAmWRX3izqRTNLNVkMj5YJ3yD-o_lr_ahphWtai7g7pWPPZQH2gGyr2odboCKhdj6vaF8yWSoYyuoDP3tZVKVnrLsGv8nIeR6PScbiCu2ZZJLOcvF8vKmHX-9nI-XOoNwDuTkCGNq6E4wQEsstmAjHXofSJmUitQTf2lADuPa0FkoSKnpkspEEqMNE2dQPYUBUqPbFQVeYId8VLf8ZWVMbxnNzfmZu6LgbO1uC68siod84b9t6vnfDmOTY2K2G8OufzX2IwiRljAmHnHQBRdUXSfH9eDRXMQowNSUTkFt94s4jMV6T3t7gwZpg3KPFIzUV4D_vX7Atz3IvcExqk1MX2k2XYS0bitO-_hZ3rF4vWG9_LZa1TQ2oJndPEubo_fuxj8Gn0QXHRDKvwlq_2c1Kn2452fhlypHnLjKBIPSnn8F8_unKhJikYc5ZajrNyoOKpAQzq_xIFMeMYbM8-OgVseSGaQXkvQwWEpgahdXHi2sZ01CX4isArOEweGZ7S65iqSUJFoAlm7awkxY6plqflBMxz0__CCzhKaNPkXFuBQWHeseWLsI8Jh_lu-unFiXRkuvMY3xLMoJdU8mzEBUrtVN8WX6Q8Ht_OhIqUPMpmMhvCS5v_ebWwozzyy6i3fFbr_s4ZOVWu-ajczss0YdnWr6J_rn1OR1Oc7qSd7GhrbFLI-Pv82reiO8hcij-Cv3710V1iKrdbtbIasS55XVBCgO9Bv4Q9cV84nHYlJlSHAfbmuCJ9Wz15LFx-xWtwbsADIKKF9WhQ3ybRP1fUFg9GMKYofMLY2Pg7_gSVWCTPS906uyyEyds1lcKoqJa0e_pyM62kTeJPYwxhzpjGiz1WV9rsHBIhC7wMRM9bTAhQIG_2-I2opArV72xEQHe-h88aIp6Fbijaldf0OI7Az1Bgk9egAWKm3QZbp1h9HV3Dz8t2tx2rwifMrL-LtYmOFYi0rm7kiGAiqtG05t9CdFPIVQCa-gYUNOyaqXcjt0Bx1M_uCt3IUz0tDe70iorvuH86tr5n05fGdbB-HKnQ77bPKRlPn4BMokB5NnhE_QynqIjYPXUnVsctnDgVi3BDZ5jWy1_GkaEBM6hbNtgSo8jQIb-6wP4TZASt-nPbs0qxJZ3TXha_KCu9ZW49e20g3j2HeRMoCYdYYXGSuEGO_srnNwyD9z8FkEcwHhSfKPnb7CJru12PGdUfzrnEVBJy7mVa1L97vrtccm6X1TYwLeN8E27iLWn1Sc8zkGAJKkulJINkkivlgaZ74AeuwHvzgCpN2-_2PT5VIFg_41lkzswGlxHMLbC9uFwoTQTw1DlWCImsPeXUDITXJlS8o94k8gWK3-oZA66tMjvG2iwHqhodO_uM9E2CkSPF2MDRIsZkIqrZ4P2D3no3xfQh7ohV3naZ9f8oAjDVlBZltSUMB2VWFCHNPeTmyK7Z69Mo3w7buv42lNAc4zcZhpyREGXebyJc5a-2SXNJPE8L484hTV-gmCcNkK-1DZD5JsU6aElStttVjU1ABxUPH7xeLZF1T-g2a65GPuZdb7pLP6YBMg9T60zTfCIupYVVa1-rEjd5nVEYt3TlpBJMLPcV0aUuYvEpLW5cCEdx4MtS4Bd4XqEXp0-uQH93PgYsX8QRWDfoQnC9zoKp8S39Wh4UyyJ_dynO_FaVrELYlbS_HIIpBIuuPlmuBCcVzeLdWQJ-ekC2LyEC6jSOk-SfwsGbqUFoqR7GsO02cU11L1AwUgXD7l1LvsI2olxX7snv7791nISkmNt78G0rLSrD4Zsai-beJKFEi1qRyybfMdrsw0kyxULoe4jmBqCJrhF9LRqVW9kd0CtO2cBB1Iw97TUoALSwCqiHErsfMI0TFgwauzjyIfQsgmd8_HpSilgIdm2Nt7JhC8iQ4ewpRlX3ufXGIIiqohJZBpv7GN670mHfzyrQre_Id3IDQQcdf52iwR4GE37iN-be4bq9RmlBX6xQM35avsbJheatDUSXbhLxKfrEjlkW0tM8DLgS6tHIcTIBchtnrlAtqE5FDxBM7xeHWMwm4BNN3Akh0D5D2fqApAs7uvLzNSovHlTJ5wFPT4KCpS1EIhNMYnVtr2lp4lgb0SCr8y0GgY4ztAfXZDWj1jKNPzJb57i_IgJMhYTdNHA4mBSlgLpX6LKdcGf5wP3kcVbQGMI9ffcv9j-IOZ2pMrflQ3pTAUGduskpL3THamZ1jld4miwA9kxTn0ONJ5E7AcOyWpshTTkUdUUVlWjCg00LEBPNEIfkm1RoxmFF__sHW19s6yOuaLG1wtkBIC8zSIhbjgIUr6WMJAqF-8Ch5rjfg1m1_HyMwvakhuzLn83NMmmSHLI3GZuva3C4P9jRU0jbD8q0x97wVcr-lbVI_Fo8Zdzqcv8GU3KNzlkJckXFwvjyMFxaTrA7Nu5y1IWrzA1IbIp-ljdIeNufT3kwiYefi-J5cU1MixEveo4-GT1G6HwmFlwAfJBkbYz0T0iBU5-QhRSwONMPQHpf_oObnzB_9LSGhyYeg0rTw1KJtg_8gsZNE7MuKqM2lgsanlGmHTcI5FeeMtsmj2gvdGSWgonNcasMMwPj8J4Erv0RV9llZcCKAI86es7_r4903mfgu7KoHmfaTiRSPvsLqTzTOrRtOJCf9anxupksXkgFx_ClN4j3NfHcMMfggZdWkoHQhZGbux-5RtZ7ZMjFGbuJhweujjSBNGcwUlk2OArKhV5Z1fa1Os7NpmfvvYf447dcPzpIe_42QWKZiPqhMHF2xYg7msKsXQlpVgY_SBbhYXtx_KuBX-0FwWwDKJi9MFxTNGr28tt-XwbcOYwuW6Ixo30vyRL2eb4m4Hj0gFniPL2xqDBU0cjGFNOzbGvZjTeB0Ts5b1SngyEO14I-GQgEcvJoiil8D2XAgzlYqWFFc5sfVaQh5NW-vjX-ggbAkWWEoYGhd3ykwgaqIyqB5Y_IoYVlSPWDHsMHIVE0RxfiKicBsgKdC1v0Md6-vClQn5rAWVifLCFaEVn0JXkr0s64wn9vZwBjC9MlpkpmUOIoL8y2k-xP-0nlb7mqgclb9t5zyROEVCLokjh2z8vl6-coe0EUSb0FxykS6dFX8WPAtTC2ozT-eUMcY1Jl5N-bzNBNfBy2RXII6ELVpHRuxFLgYauf1HlxMmHWpVu9-ngYAysVIOYGggAB6da51upbHY8505XW1Fd5Ox91I1smwVisN5wp04TPZ5cZ6GCWf9Bg9SmiZkRKBa9N4RUWUAnyrMtmRwjn4yGJ-HQn2yyL1XdEYMZpm88d6utwVkalJt-3Ki7rApnV84_D6mtR6xLAA6doooCh9d1GMKYfBghOSUQjXARUFjeVWYefT8PLuYYYsWkoxfN3EGDcYwQk6toAAzG5dlb_PIuecmqKRKYpP7dHdxrbPp4CPe4gQjZnNqn_cXGcebvRdvWhZIhhPN_QQnZuyPJJWBniP4GTJQyrY1RR2pDuUbpZQ5l8Qw3uKP8YdzvoGeCfAcjzK3b2ssWYUZB-0lRY7dqpcujJrf6BU0vD32RZz1usQ0_v3JlS2bRjFso9bQLBr3Ci2lMhtoyRfBFqze9NqS1qUa_QsGLs6djsSr4GeTgAbL_LdsSzOIpiOgbHDJZFZuAb5ecOwYQqIgUylIesZeMxKbCLNrW_mi3_ep2tEVxJBJ-9XMhqILFitGra3DcoH3ficwBKxzw6fmlGb71IxV-J2zC5-0hzoLeDgjsOgBRO7wFL36es8v5ZEHI7jcZCeymstBInLi8psyqJOurYnFgx8HcS8wUhppCumImhR292Psy_8YJ9zjF6ijC4u2LRMGMLe1ayw6iRp-CpR6V7n07fi4Cj2F-jtmywXSA4SCDJvgQF1OjCVycRIhvfM3Lm9cPgrYEJeO3YvEZcTyXH48yjTxnhxvK-f8LCYfbD2J2gQnQrSAsKlxn4Gr9jb46yrUbxO4TAIfT8Hg1xKwP7_wdeIunaCzJe8uf8PG4wKGnTgnt0KYfLPAlPmeKZf4lLQkokECGhF9KXXpzjpACm89YfYVqeUmV7bNsWYGUm9jAnkmfK9zwY47eRKYAsMYo5JLlqTWDYtAZSPKBB20YeSIA_vGrx3bbCsgnPpx8fnMBO33l6rsrPFMBxNtcQjEqG9T-eB3F8go92dzGK4FDjwarMSdhZ_Sln1cffXAQjiDPfJIJHdKROvLqdPFI_ZS_1ERYyuJPNSbQ-Gwxtsan8F-9Wq1EbS-rK0auT2fwdSfljAlyFaO38uCd4fq7t6bxVuMdcrId3PfM4g623dKGPr8BPOsXN7ED5BTw7Rcs21EccT1SrtWbgUzAOMP6aC_idb0IZN-eHMTOHqsz2vFr5ARpn2oel7TM5ASXE5cL-XhpL8aII1QjG2zX1tU6ZzkpUroye2PhKPDRBUD9tv8ACpv_-EnMk9hsTzsFgzMLjqDWOgVDdzZ17DZoaOwHYqZIOmgAkHmdzuSrGUwDFHOC52vlNq-tD5ROx-P7nzjhH11f0y5ZXTQ8d54BIlX-v8fXY0bjACcRcXmvm7dAYWEWKVpUDnMRVYbxCGkCS5HTT3TiOpGc4918Df98_5lnVgs1xvRR73MXNJym6JcEYdy5uAbkeaUuwqbaaIqUA2DDLiB-KD8QrItuLhFKF6RXlem8ENh_4SnLcP1VXFPt05f38wz8FgwPyRYxA068l6LtAPxyH5zB-sbrZU7eopWtzpblV4LZaIT6o2IC1X8ZkKQxXoHRbGRKIzmXSXavZJATatPXkyR3hlK4WcmjdQ8UxBRGniyiTvJu4bFJWpL2gHzWZmejBLisX8c4Ed3VFideWc_kyRikUOJdePT-SyGJ4zxKYh7XU5CifWLYvMlQuS_GpFmQXhCk0hAwqg31u513G0UapuhjfVt_9wJGuy8o4cUW0yYo8CA-amVhbRGd8vddRcXwrNbOzz5QVhZMSa_bykUBUPFIUszYWpe51Q5gmzmjAdLH6CWAIFRf--JnMUBNGSpoHj-vFWliOdpnueVVHOEYXEA_7yRGtPfAFG1Bt5-5kvxcB7PlKQljKMkT5g9_ELPH2ztGFfnqYWUS-DZWj8e-42GePmhFAabT-mNdNZwZD7dYj81-XLwcVgbnNJsgWUBoqlNmE7HOqo4U1cwhvch4r3tC4kEvXQky0UKHK4KM3vrZrioJAIJFikHmLKppitPW3GPk24NNvuDhyDeP5tU53-Q2i_9eZk-H8s_fHoAY6RRBimBstH1sgoSeFWe27nsiW1IeRVCzmlDakSOSaljG6bjRGWBY7f3GTMQtn9z7ZymoXx9Fh31aK-utHn1eHMl_Ea9FcxIYn9FMQSv0B9sYbRC-zyIGQ1QSorAE500fI_sKoV2gE0m5LBpXsAK_sj3Az8wTnadFRKUgGoa1xwrgCcNhIZsdlfSJrz-7iQBRvcKjZ_c2oZ7ukQzC9JAZ36tCvr5SsqT6UrISmrYkS1sUB_MNjQhkOvsTBaoY-se-SdKxbQiR3MaCUI2iINN3Y0SJQ4ikGau8yeyW6RX-FZ8iDeZeGozYTRQSgVLFz1MG-aQcHTui4xlUO0fsdxmEWL8yFTJiDYBowMMOBt34g4-U3rX8RB8Da0vDpznsjIasoc8_Orw0Zl4uWT1RSEcEUGqYxAcw6qoYpa604ZRFeMFjD9fF-Mtx-x2Rr55RsmXX6A0zayrID2TiChfT8R9RxxKakRmeMdMvxgYy2Bh8t-KwsJ4LQ3Z4M9yHa0ZcUITOZUNShtSnK978K_Lu4YVgIQHwsMR-r8c4tLrFE5Exyr14DAdHtDOLotddNq2mzUvSzC4BhKsUGJ_xm7diHOkctjgn-uvYnIxckKmbBzZRTaESERK-0aCAHs6-GXbyR7nNmtssPVKSsVgkB41nyPdY_QKeO38agN4pdKtaJp3RXP--8af1qmBUfPA7oD6CVya8k9iNK2wY1msE-uTX-UzeHRVlLyY-AvI-tr2M9-mDpFSa-c0ucnbL6GtdWP8qHXxwpnmLnnbwz9_3UfSXty4iI4Yc-Ys7jtx_pQ9LALxH6tZSN2cz25ZMSA8G8u48_88MopQFRfVOAEpN8ejno4EuuffrMR81Ja1nuSBSjjO5y2RK6z1v74624-srqdgO0i6wvkN7JvFBjmtfvUD4v0r3VRT10u13s2f5HwqWVQMsg1Wu9l-YQab7AWnhFHQlbcYncuWId56kEoCE_n0LTIRARSuv3Es7AXxO_WyCpl7BCa-D7TYIk0x1jvLP72p6e9RKzO_z9uo9uHXU7f2Ay5IQFGpzNzndRViEheg1_0AOUCOeaRx1ZftY10bfyRcTttZKivPYzjGkVj_pDiOQUQAzlM12KkCIUP3Sk-vkQDVMeHSdcqe7lSC3yiuyVGiBRPiehTQNvB0FGSqexDskRtwbNGGDuonxH_1QIDryVlUOBVLNsRwFmmrbxBOpdQmTXD6JLa5HlD9ECZwCIruhmHvp1IWb7zO6nHKZvJTobcAYtbbXkL6eR1QJB9HoojXAK2CgdwXESseLnuFA99_n6-cSZPKiXtZ0MAQdowUC6JoAq4ySmsSK6O0g6ilbKrrfirKVSU7oRB2QeZoSEuIPeKbNviTzXVA2fvCxHZDk_COEVGR6x8Lv0gs4cY24wLWS8DYISTGUGf5S3i16waIvIOrcyr5VHTeB-kGbfgnJLSHEPC9fBKh93P60EUXCetQ5rFUiPMDsmo7TkUWImtfgH85Qve-KQHZ9E9kxtZAFuMTbPcqyCbYzDWU6aMQUTcWPmjB4H4OCjyQUrCVbv-YeI2M7DSPxGdEonzKjUCHGPH7c68clekpYxhw89WqlKgaPaXOuEFlRbpurEVxADgHtEqdakcVHvE9OOgb3ElJLVLZ5WWKveqP46QgIfd0kHNAwGDIDZeIF_MAmQgoODQBVodI7qBKC-e19DCzu_g5rdkkqgGgYOQz7og0HCasZN425-XN-sq4c8ZBDJ0O1aBjpkJxJMk4RrAutAtET1MhxAM6Y4TUeAtULo70Z9Zp6EX4CA83JPgWjADBpOwcDShZtLaTzmXooJUCdE4KnSUDMykhhIpdHGZ4sa3NDOHRpTTm0x57LJ0zk1LuJZWHepA_AFHuWF2xYj8YRm53gJOCn0eCe_VrorzLQ11CJW9vJcXxWaDwS_hg8CRFU_XbLMXtVYBmfOaML9-xv2MR_9N3daHF4Es55IjoY7VZMWaU836iqgsIZq2xLeqNg2BTxuFtKsvWWbZo0_LAv07uIUoRsA8PWc_HbYVg8P_oxeUo_0ROVqVlmOsVIu6rOrjTCVi1VmA8i1dR5_oGjvAbDvuHC6acaS1R_JcsBZo_pnltOtUNFeUCdIYdogNBv1p0QcMgVkaCjL6vxAY0TdxzbQrMRHSyeMivkp3HeUALqN3oQBQgePpJRFgv_cZit8V-_ddkjPLk5fPHE_ME10hwBWVzjc648Pg8WBzAt0aNi3Bfx09kHSeF2PSZE6Ye5IKsNlUz8TcNreHdFLtc1Tv9orm6KRgmFgZMkbw2kpsLGeQKFbb-qapbHPo9T4KhJGFtHzQf9jA2IMTPPdRw0vBafBWU6gM8nlv3dqTCmVS1zVwPUCxF0pahNS3aOeltTbTX3LPPflqaCw5s0Ik4zUy9DEz3IsSZl5Afc6Jh6RhPYTvgnD6pBKeiV1Adp2cgSUBll0-O_ed9e4XdrIfyidf-b3bnIn_DR7N80FJ0HII4DtlaKZqm-i0n2ixcYyEaO0QwXlGRMvl2nEagfoMlUDJsdoPleXdoZ9R_8RMaSb_1FBUevmVO9-OYLPhdeG3xPAcQhX9IKFNhVSMa2-pLpHuxzoOB86SRUxo4GTTXmsFxFjjrqObp4wou8qO3o5p0YlRoLkjZmv4TbSEWFEV-Mdtkaishb6ouH5FAiMVoqwZRJXPJusZmq9Q5TSiPVqjdWkHmN_lhq9kC9EnZnEOHLt6EfEccuIhlniPK2hc_T6Ul-zQ2-X-_Aj1P7d68cQ2_KiLCVnXmx-UOkiQZCdU-0zHPGTpiyMsILmcP3tXFqyT6OzgL5xNiZ69B734VhQHVpVYCcu0Qx0B7qww8t_2lrRiMwpyxcDflm_T4bPH0YB7VccU8kRvhI7j1n3WH4NoRjqIKuo1nD0aDVlHT73Z8YWsMGFFdxKR9v4Zx8aLcIc-qbq3EHTguopGQZMjyZjxcSW3XFHV57AJ4gSGsp2E0v3DrGS1_iJtle6QpC0nAmONz5_pZQaVb1b5MMoEMDTfimRUgfF-iW4GpQS754oEku0eWpi2ir9AjhnHogi6OxmXB_pgeFvvnv-UHR24kIwPZonr_Wbk5JdKY0yq2nQdqaEDq3FWjVvJ-VIkmRU66hiBGI5OSXhcDu-Y5P5m5kQRW9CqpjXI2VBo3yaZhyEHaUfB0CCNfZ7ifl_inwMPlCbcel26ViD6GmVbtrwNG6UtmMinfT1_G8pBlPKQNDK0Hi4435QW3N_zYgpmOEvlKVEtX_pfFsHVevdyjbGzdSlln_jrkhs5ar1UyphYUZc6ei7dUbotFCB0XeFWFgtOjreIeKCF0lQ6yd7b8h1qYwtCmjLYOfEZOevx9jZy6jnsq4yWzaq-dCTRGDvbkY5YuzwwnnetYjiIpmCS4yumHe1sFF_pL_mt58DVIcfvRXD1_GHEp8NE0pfTMlJpbk-5i3Wsi-7PFOvU9biYAxX0FLE9ZV7MM42qlyBA6Nvw-1xBet-N5tSY6z51H5_4Vz1pWvQ4YIndVlwdx1xEaVOis6zJa-pRWXtY49P-lPLcGaQLRBVz05TNiTi-XPnJkBl2sBBCdLpSIPLMe0yPhr1dGDZ-KHQ-YRQMQ7Rp7-OiUmulh2PUnNpM9PpzCGFDp6zmPXUgf_76Tno9NaENG0SsDKaFLfj7W0iI-MPHuELPTdAhTblstvPnxtk8P43OJKlcDUEHE10NwGWUxIJ6wFEXcF3b06qIAEvw4ftqipCyMdIvVrzhVh0FWni6Bb5M0ZQSIijM7wolMgTmOR0N31mrXG_MDWBzJR2BDGR1iPPnkudcPykibMTTPhnbAhGFkscRpwS0rRya5eOj7mblTxXNqk9YJtxuLUzQMp3w4e6x3p8OyzwQa-FhXV9v8NTJfu2utwNF-89N2GEYX7yAgvYx7-iwK4geXmIujsPWQHm3gfGCvqBl5dCo3D0iE7k3YK1tkIbOJWvv7N56uqKx0byl4OwpGdvrY9Z6l0-g3wgjEjLKVSnaAER3od_hMlxotILUM29cJEvHz_hqerp9QQLSJno9ZTkGUw_N8k0uajX_xOWHLPyWxzBKWxBlcRIsEs8JsEkI9ZmaqxuDnpPWfdG4iH6ZH3zzKNb5VhSc0Vf2y_ze6rC6PqQCIHN_edJzrXsehi5M-GYyj2t_WKT8BA1ipnyvTK1oUP6HtO-uFkMLfhW8_ZyGlT3YBzuVvr7kn9RwP8Otqz-T5qyFUb8ts-K_1AY_pGwub-9wYg_lH71thEU01xoE_PEjU42AF-yolbItYBfvfq4S-bxSFJhCfpH-cmxX4I7h9kq2OV39pCbiauyzZ3D6T7PjqnLmD16aFZgx_Edq8d77lLMpAdPEuSmpX28qSakpOM-U0Y1wq7J_sBdGLleZsG_vgIslv7H2yfsx2gU7JNDJia6I4_jWaEp_XTX4q50wkRlicwteIWaBcKRdcxrox9NDYX5BOLkMI1Y1dHlsUy6o6ZObAATQwsNHZ6qLE0RnbzR-JEXV50Lj-FYMoYsQWWFGJtkYDAYTlZpcScVi_DS0fEIlcbJAP97-Bnf3-bnL537_gAQWFFA5op1R137Kbvw6adEbkwCeRy4rc2Yf4m5I7RokxHaX37CqqkiUq0rdtNu_oUfT4Q5yhxwsHfJ2IQUxbnldvyZM3Ise_S0GCJvrRtp9HRxJccfncq1bR4BI1lGZT8RWOdKVrMvep3M1lHp23x2LZKQ6xk6YOfAzfTjDem0rlv0c6aI7guXkjq73GRksYAcZP43af3iqx8u1GRrg5f_qAuuL8U40w34xzCtLafPXdAIf0pNSrlLzMX8JcwH4yJ1pNPLjG8fHn8PcQP0CwObPEQlBVVeq3Qs9W-ukKVQrqyqB6EaqhOSbdRrIFI9d7eGpzEzzR5GbmNI0BNgrzsBZ851Udf0a56pFXkJegIwyT5N2X_W7lIXnDt5tZUZqaaAM8IylW5P1KMpknGCP6Jpw6UJtBcSyvohHwH2CRy1yd-q8oGQYZf4l7a9fuh6T1uPP0eMex3gAqITf5C4kxkZWkbSLlsltW-H39SYM_KwOXnzwc9W1mnTDMJod0o-rBKy1442GWZwdNdddgHXqxvW1ZbjtS1-tWx-vx3hXYjEsSV-4UAfgOL8kElQs8Fc_8A8rh_r2aah5EPYvDgIrHFKdqX9HJc51nH9Ay-RQlYbNIe38D0Emb51TZhKttSMPoYfRTeCeq2HYyA1uiY77hfQzAlxxUiKv9BTc5W81ZQJePlQaW9o0tYaeCSz7tRFsg1Zx1jZIoDdCplQpzrV29XQnwlSQb_KFFTEIDF2HKdjszDEirZQi9T7ujEMBLZwvJ9FQxzlUaxLKMDCG5FJBY3qZVbS-5Q7qu8TMsxtwAtOvNBWPzjYY2SM4nhNrdPMuIk0-xotTxwxv4_WFRboEFA4gQsVTFdKaLxFTJ3oF1RLQRuHsFVk9rzAPAWEM93gtbwj2D28Yb8hH0Vh6BZmwBieVyp8kbGKM2KHx0yjkR0N1pVE_L98H_hfJF2A83M7P5dGA8H0S2aGmwzv34AWj4we3iO6egLx1zUH0j4LsNMbToau2tfI1qKxbV-bI5B7LI4UgBXT14hc9B2ROADevdMUy5mTJFvnTqwsSt5sUKydHigAM5EULe1XziztIIuDht7JJRbtWqpTpr_SU2QmRr-1AG7e8X-m-ugj1DsM3WGo8Q1Ye4QHhBS8VA0Rm8xmXLnOKthKk7ptWQUMEe766pCzrAmetvLlEYUux_mEJnLS6N_ZHkTYYDvq0gud_rRYFNq5UCqT4OO9rVwV4Pkg15NF5LAedkM6RQ7Ald7IW66j73aPB1j_sD9I-OuveqLLiNAUKFg-doiZqDcV3MOZLLzImocjw3-7D0YFsjS7dTv4bg_Za921bA-Yy0ZrbUUHvRHFkg6V_Wtchy6ZwwZO8nfOVOCYHhrrdFbYHBMmhxTeuPbHaj8HGwdssQ7E0oyHk6rHoPrOxByW5zMYF6eIIDvosbW_v4Yf22boQfK3DnsKm0Hq__dLDEY2raBNc4MR0VDzHJ5_tcfdWtwkTGBeiZW4K11zFqWnEuVFT7vlDmftDmCLahDFWwjVynAbjaQBjiRuzS7JpBJCvRsi2y3-XgQTOAXl73qQ_2srSARE415N1MH4wl96ySdqXfTNZ4rWl0oBbTFj5WrM04C74H1ixn6jVw04SgIpAPwZfir32f4C3gQvWCa5U7s7cwJow2JEuKaFC-Thg08bmSYpbay6BwagF4yifrra9QoKtjFs7RSSj1o0RtEG8GF_5MvwSUfYDbNxjd_F9U5WisMrgrDCquju_5ITztkOXsBM0SnpGeStOkZMeCljCkeiaF60Zz0EMAfewOfol7LDxwD0FHRY6oFVNZiXVjm5KrwgHrhMRPKCWvz-nw4MkeSyuKj9kIrMiftoA9zULiaBA4Z3ic_4u2IkFZ_5a2dxhF3_uLc8d4_9fst2xoDBjrG_6M52xsjmCR9I50xvDpaCgTbdK1cVO6a2MxYvllCoTUbkob6Q8AswBOTQYGR4BlgrXwBi4fSYHFvihbQEFFOytsrlHrsPGSyCLH3IrOdrVRFsJbZQpCmYaYUFu93_Af7nMnhN0C9Iqx5JdWq8L8cEINlQ3aBoGAwfTW_xRCCJCku-sMaIA8F6tonqXy4WQC0Db3JMfqKS0-qTLLNjcbvLemB9foMLWAQScN9ajtT7FGkk9hVVlWXntnAEINTDUkGuv9gXKxLJTHrXDvzW0i7bj01EAsqa4Ou4K-_UG8kCQPRmgWPXMpB7YaHHloxMJyCfvp9qc2EuA2DRsM6mSN7Fi0DFcNa2W73t7fyEk60_tEa7PsYEHSHnsr6PFeVJ6Vicf5dADJPhBcrvs-eRSJu0_kYiq5CLwIznTM4UD_USf0-gdu9CCda2X4oe3ICJ8BoF9ynyuSQ9FNOZ6Vpgpgr39zRSbXoDBlxZ5EldmMXmzLzYGm2hYZV4fAxdqDTLJj8a_SJW4-FqXruOWLKPY1D41L64cWqNwbF_5dfSLR0St_74x84Hn_7fjY4ZY_r_G0Y_P9cyld_7MSIHOJ3ru7ympO8faMD00SVmpDHFTNem0Cpf1cI0WPx72CaAsBq5ekKYZYzVAWhgXyxwuLWvSXKucmLIn5wfcg8KTpZ4UHDO7JPIydSpheepUs5KLtR8HpzExnm9MjeMm5INFw22yulKyD_H8U6-xsCTej3DJaBj1vzmWp3ZmfS1rAkapHi2__ThHv1cz9rd2Dj6-nOVujuk2kKpkqP-Fe2tSuFzmP_Atj5AfzN-XjX7mIWy1mUL-r-DGFFkkBFH-fqQjwz51LNbHBpTwkPWoTRtcTpe_cwfiRrqs9gMPm2ZYQxpxTCnp_ZxFL9CrmFexboBxEE-LMPQHOkeia7eC22uRY6sv1JtCZ4bfzFxOfQLFQUedaTSjC7Kkw2XJfKNZUZRyTzKQsCF25uEWosBhu6rP_bGsgaXM8ZB-tf4TizUE_kuARXwPgobyWvTkd6xhLk_gS2laWMLD_1BYg-vii21LzTkYFvH75qlaa19XG14uQ564wKAL_GdWMU1qvDsx-HSNagtjtE27Mc7ZxPU5pvT6YflSXKvA1mix39Kgt3vFdmS9DmLGv7u7Pq8HrGjDvoy__5W6HMv2Ls-IpruqewoBgG6_irkVy8_i3SRAGlfnYE0FDODVd7J_E-vg7PfkvpheXGKhWNd_yNDqGjjroQu_RIOILfbauJHonaQ73gefzZHLobsbmHKan3ejI-iwC0Sy6krgVFkDDwZyHgoWieLXEwYIKTincCvdq1_koDklucXlOs6qqyS4-mjgwscnNBVHSW1WGV8I3W_qTnRupfTSr-UCliKxszDls48SgX4GoUkpRR9LK_K6CWcd7f_gpVXLmmVzH7mjF2IboyXdz3VdEX_n5sWL1mshEAn5lxvXa9zYQMjsicdOdM50Cz1f6EpZMKaXESsDQov3rLuoHyhTm6CY8q_NmL6sjd_rSfOiupteYzDFi9n0us4jSXXzk3sWeNb0t3xp-zWpyoLP6iyg9Iv3357vTg2-mL7KUiHaNlF66SeiO-qkyP7NyHzXcRgxmCerlZnzpin9waQHFZSIC9zh9Motwt6cj6cpasv0LIRvc-uaOHAN8844nxcxR8EQkHnpGMWMFfIWADEpbqsC1GRDDqUFToXCYUseafMXvBa3Htx0M9bZJq8BSxSeVaN97A1HrXZBNPkoWshGh2HAJTrmLY_-TFxXWbgll8_RNPfga0AAz7wHiUt6wk1zkG9SgYTjbARVV9kHSicZDMGXBu_nddNDRfIjMn15UJHXr4tBo9nrT4FM5Dy2X0Dxa0x6NOZart4EXw333J75TnDJpK3BdZaVdVWJaBjWKdjXuFrES4oiACAyGRmERzK6D_Mydbt6J5DgLZlcUsIrucMCc87pHj_hIZHcCErUvYoxB3FzYv5p_qYTsxSN7GZ9860Dlnz6OaBDf7fabgRBBv9mfCU6Lg5oa8QZyR23obVhc131SLd_vTi6l3hGQ2vJ_gUcS05liRHFKnnSTHS6V85o9_wejA2JBdRS6s71kvNViFIkYQ-EooPzjODnYyqoI9pbv1izzzYLuC17TA0pCDBIN5jE07utCHcg4HsvhMC5c4qtIG4JVFYbXfp017w9Y5_2LPjKKIHai39aDXiASiuz12Teb_1eIAu6rzR6exLbawIkBtHXF-weM0t4u43tSInC1CgP0cKWqeavOT9MZsEdP6raKUJQIMeGOiiO8FvHSDy2c1vj6xCphDUrM-DiZBKImuxm6-gQ6tNsL9MThauEe_XWaaKRr1PK4MZbB4V438GhtJa6MQqsoFe7dTKu3rQ_6kAaCZIEi7ZqMSHNbfPjmLT5mirB9RMCalynEH2qJbTd0kCEihOEc3GbKHTvAHOzKKsnF65aT5xCCvm0aeam7GO-ZtkUurlvYOji_csaIZMd8Id0tuKi2jdasUinSbK3CRbmkRrAF_kXvdt7P1-rwBvugML26tW972PrQFHGXLGpDVJNE6KHwLdIzeTxbBucW0ZPE3YGscREVKvQY1_BC4dVfCfEeFTwrBiTFPMqR3yLLStz3kPd4uTYT6oQEMaaJM0ZjxtxNSkv0CviCGPxAW0oC_lspAabCfHdm9Or__Y-_PYtofZioSJb1dIYyNmQLIONBbsF2MjQoTK_pMd1wVpOFZI09aCVeSdOTHg4YS6QtL8pUiwYM4L4Zfe26r_1WdmOxWUZCW63kVJia_328QY7bo1FQzg3sB4bQv7RXa8qhRNTzhbURPx02AM-d6rGAtKolGyWOPWWZOY40FimSMBqq_pHguAooLuQ8EYIrtpQQilG3btfiNE2dyDhLzXq0islwQy12YmSLkpO33kgKWEVxroBiPKJaVXk7YVjOhS6YRfsRufapC5kFcZz9jyHFaH9IklRbLreXIYp5jI--jowxcG0ARfDgFLPoUdR66dE1QC4lqHPcnR3rR-yD8o38A-7If7xj6oYYL5dYsw60VlUaFe20dxFpu8lxq17lEMX6EVCD_00ZV4BCeCqP2ReJQEkq58whJropkwtLcJHOEhUBmaRh-WTIuhIzE27_1HfV19T1TsaqTiqiSzwvNtlP8mXqNEAzgr8wTPfFmwgWwFepgftXU-q78tqryIzSy8-vCaTerVd8TBUj1eY9oAZPk_TI4ybqdwVD4J7yci0EgSxKZDq7CuhlJID5E3Aj9K2_-qOyeLtiGiUWMqBsHEGXHAOKzH4Dp_v-qR9riF4DvmhmjwMeZ0rF7J_rKckbvi9dwi06IgBWO2Fz826aQ6vosxI0HoJ6Pehe8w18sZ5YEfYl-_Cq-ps2TgZAju938BwWs9jM1nZLjK94UUTKft9vtkkdbI5MbtNpyCLwG', 'aws files', '15.42 KB.', '.html', 'surya', 1),
(152, 'User/Files/admin-view-bookings.html', '2022-06-09 11:29:12.299942', 'this is 15kb files', 'IGMbTjgxqUT00hUpXiE5c8rCJkM260LFpOYGCf3ieIg=', 'gAAAAABioYww27gq2Jz2WSEahkS76OBDIbXb5JdadFb-cJBVGdmcohL_6UL4JNSj30lzYP9e3BuN7wGix4f2cWtVsiRUtIHnx39u_YnQW-_elrO5OrE6r4IIOD9GmSWWpPO6kBq8ET29GDcYs_1tRjhRbGCTwD7cx1xaz3FNDDRp5rLvO3B-J9wnpxLnrD62Idn2MAiD1ieosjUbp8dckcTptqFriSplMPOm7uzJ86k9A5N5dG3u-EU-tonbmmk_dPWkez4sCl8jP0OsTnkaucYP3J-EWRY3jnDAu6ObDbFYC5pWWEQypuQ7sNShE2TKZq_nONiPclebKR5_mUUqJIFn04BnISXVtdcuPFfT4oN6uKolSynqNAG6Fb2Kn06oi-JdjUJ4xMEuiNmndNC9IVC0Hkk__okuzFQyrIqYl5gkoCxeFTn1qTcZXqGqrNr5yekvpQjMj1k98LYLAvMtY68MBYRF6cqDlXj1-9v5qLNmk2Jp_LqJUujQfJIqJM7H6fU9TIsBSl5PEL8cjUL5bM8mcyDW2MtPEw2WIUin2Lgpx5zfw3C6p6yB2sufOQby1NeSZVkDFPt7Axijg7U2O0y36vQINk9PbNxEYrzUCQsHJdTnvPtzce1wEZGP66r0343ElyXtJFiY2kgSR1xv4fAq119Z8xlOM0g17z3_3IHpbiuV5FA39bnsO4hW0GVGYtVS0DgJZQv2_84igFfl6w6xQ7F9bn8L4kN9g_GFHXUo-rBBCU5cv6Jy0-QLiiPNmHK8b38X-130I7Mm00sJ5GrI3nMqDQ4wJ7q-fxA7fHgMx9Kdk--30p0YxPW2xK4VANgHTP1eJgeWZQ-Va-6AYmWQJZccZm7J9n-IOIxXYexANSHafR32fD8VpO-SC9ZxKWv5tArlsWerw9MnILgncSgTywSauvIKjJHurOlVfsJooRS2EP_7np8YcmTISzXoI2lDqZg3X9cK1euv3AYtErdUVjT0PZeBWQEo5TuO_wBXkUbK8EJH6RmFzWYVpk2MZka6pLflc48lTCKFHCc1G8MFcMC7TnTBzzUCk6l-cGQgER2f2Keww-k2H1pfc5qrCtHdNNQ_F5KGgdEBd5aDJuLIKGaw93Ci1WiEk9V2iqpjYsUUHcZuRxUUY-cGiOdNPIqYGedQ49Cq41niOfz-rwXG55YEfqPjXcYhEYa6zZe3ygGbMTRKkRIGQ5AvK1dpKVw6KW_75oOv1ccm6vTcM43HSf56-PkJKg0M0461NAlxDeRWrWoTRUCJc4wBXOpATHPfEuqFbcXcv2Z1IC28K16CVXyig4RqM4sIrfA481HN5MSIsr-SkEtKPaW6rARzm0ngh-119kvVmDVuozwuPWUlrBHOPNXbN2fXrD5lBBwaXGz3QkMYAx6Chrsyv21d5xQ4kSvNhG2pIVRxXQ-lGYxt47nA_edDiHWa5g2nvItIT4oqeXb6URip7qfuPCjzP-B7V_tfcFD7tqwXynHm7vNT2GChv9AvCil5oQ_3iEtnW5KE3wRNfCt-0Asgeu5LoYqsDoSpaef9aTdMi5ULaDRY1cdbG2PLvhIErsFufVjO_1yeHM25O0X-3wCyKCgb8C3-zqDOUuBGo1YGQiWK9hPTMzOla_OUwGj8fUf0awT8pLcNhyJO7M8MHjZ5gZmFDRGksVbeIwvrSZzlHp6jRzYJ6VIQ9g8IRL8P-yGNRGJHfpjLHl7SSK2l1ofPawKB6b8Lso_WZ0q4qhM8iOxeMsn9WOP4860mkaXZC_85axe8G8g0lQbXtT6reialqJF1EdA5B5BH_yqVj1FS1w9F8eblfraKQhdIcVwmtvpZwaldiUO_eaud15uv9ZTrQAGcFULJe-Ia4Nd2vbKlcGokW3UQufz3gZweLQpYCN2TPX_ZwNSekDcGYTy4H_BdtJDC1aYVvrUaXkVDgqVunX56sozsrQ-GeS2Fuhtd8yB69mCMkfAYWAtvpmlxsKROthgOA48JKNWFBQ4-x2r8RVsKJec6x6UWawf7xZi_Spt_dDzLwSHOSioj0H9htoGt95kI21b7JEToABA3ExZ1GaOwqAtJpGmJ3ix9Xxw1V1nMQtLVQBsv5CqV7aQ5zBDvY1turV185FeNjFmhalIgIKxo7owCn6YNVhgOnP_1mx5O849qqqqAOfWhqL0wvE3DarsLJW8qmcEXyNxeS0mO_SQp66SCYtXBqOcqxsXuuYlYzhYWDV3Jig2xH83P0QXx6Vq6tOEAOW7vJSLmN9IN3YZyNR6bKq7MtNmofRxCMbDja9Kd1bVj4sgSvfFinyWUEphO8f39yfw36KK6954SU2I_4Oti7Xxy_oXecTU8gLFnQTdZIL045IvrzVf8tzlHF9MlKjDuiGlIUQ3pWa48gyD0OUUkrm2YWyGGLM62PebA2cnSUEN9CQuQmNxaykCbn_f3OTCL3M9is0Im3WjkMxW6dglPOPE5f8VsT7STu3Ddt-JX44J9aa9Rz4tbN0GvnP7UWzvBFEI9Prt0ZQTJJMwTUC0OZmCS099DWLd2GDxTNun4kiU_Rvz-cVtEEsBb9noX0dq_V6fZ2M7GcPgMaifg0-tCyU05f1YqulsG8JbMDwB6CWK9Bpg6VEr7eqRf9EwB-3rjchNEwyWZHK0lKjgIW3BjVeFu-KhgZbxbU6EVlZA8xWQaN5QUEt89U-6Q-7l56vgBVCfQ-Z7rmF5U1CtJaSQEpTflT6palcjMcRx0vFqZmrUhDCZ6IZGPVCbHG31mU72pUr9tp-7pUsO9cGBfNUdeD_8J04sBWBRErOLwZQua5ITDxOAiM9S_EinoH0WwRxgsgANzacm1wscDERdzKGw3iWllVKnDtLDIbjTXN2X9k2mcbENR7Kov_nLpygHNQNlMn8Lxg318PSMTMOlwjerwla9Yvxl9kMs4Uy9diYlxe-CiucNE74jos34dES4mJYRjALipEXtIAy5EQakB7tQnL28byWb8HnDFaYNgIpKm-AZro1eKsF893wgMMv9svvBhUO4z7SnTGtDSS5uyrudhBKyiwEgy4t3LF6WacFbXfq_f0rDBX9QDRwqGM9jdodHYqj6q1dE_CJ4tENOcE8OF0u2MGz_r3IdR24zv8PJAmwOHVVH6UnweXLJEpOo9EZCEYUHKUWGMe3XF4yc_2MiZ3gcKs5XJ7tYXgncfM7VaYHoqPXpuulFZxyXeHQG2nYDFyGb5pEgV38dZI8V-xbkCxnr4kFQgNbP95ZFId5rNfwhdiUricN3nueEaYNvXnx6j9VPij4aAduJRThKLckPtWuyQ4kFbRrhimOHhZf2KmBKgYcqsu99OAfIv14fys7ervFcMxq0xnwqt8lcZCbcc1s-nLuvMuUkU2ezjwGGCvPvEsrjOmCiebGjWURVHI8O9RrHeT1HmkCoq0iUO4SqEk2LYFKdUs-NekgbFnz7fVmaWpFwBo2lqfs56b16banoEToL805VOFDvqKky9EiuAWdwgq2ZtyJXvQmy_yhfNsKZKQe5b8wdO7du_WoL9LD51VMOKO76zEPATxzRIEimJVlYRqteJaTgU7eCcDBNDrHce0BMwnPbt-r1Vi5Fr1-6IjlwGZv4MDATwg58OsAP_Yz_vbSiBJH-nu6WfRiMEqVYqcbaNFDeq6InA4YmCNGIxOQGjIvLmd_9oQfVlYodeE95xou5gNa8sDzGQg3852VGTBLnVKmknyhDHZbbnZWq_AGdbzcqu-qwj9OI1A-y4aAFXvGwIPYu5OM1Ey_IW2UE1rua_tVOIcmKZRZuAmyqJn6jc4aJGFH3TbyJF2MoYABORMUmzCX8OaHC5LAI2PO74SeLP982dBdSn8W1udwfcBRRkQv1RiAgrZo4_6m6IQSHFEhE2JEbtj2XfVIxlgNN-gLhIGNvoWM2iAdzUMBkRr5kQcfvKOJOutGEdsad-lwcoso6Klhx-TjEFwH4cn-Kb4ExT3U8oej2GLZxtDaeTOIKnQFGt1ihr2ii84Do9yvV8d_0OBJBijzA8p30UrDTSH0ytv7UsdxjLvNI5s0JO5ELuRimzvrGugpTF3tXgxsVibgBP9CGhTWdbxYaJ-aOxNA2yPxgpO8WhvQ4VNbNPFHRVsvluoAKskUMGUlEWe9DH5TTT53mwoP0B9qiyKKDPpJxyMEBGNOHSM8Zc0OhRm4U6upDuyxVRJwYYOMi9DPdVNiTk-cqz9dbB6b5wTHHDWGvsgnNTrpgw88GTgh5ZBJj8QDiaahnYFs4XxKf6d2FQHL5wErlhWyTtWF6_zARRgG3Th-_IJGizkwgjGyAB0AeSMjfEBFIwMkNm_K8zmu5ast_rGyHhr6nMEY0Y7mMMy5kpSLCoHKNlcKixICy9sytrklSNyXG5SE8eEOwn1gum3KLTRk7af-dl22tt6MmMRCB-A6mrCkZJ5UUaitDFgRMgQ2Ca7-WQtQZqoJfbF_fp2V6F8BmLDIJgwX2Ei8yvMAwZTC-oKlmu-BL0j5z_F1zSDxLswagA9RE9w1iTOUWcOwqO9ccmAhBLJJUcCvi2E4dHTIJ6vGwkkW6FGtQB1pGWjONTc9eRMuRBNOmIyjrlOdigNt9VqbTfesyX1235VsweL01rwUTbhnuZsER_Xgv4GdcTFgXf0jPxEjnv9qdUvImcmzNrD-Cu3qJIsKY282HqYlzXGW8Tx7HUN4nPGkFE4gDyac_ZV5ZDKgXauDPGNXFmhhpkJooqH0myQSnhMcwYlOSw60DYwxVACJ4JWR-abHYOoonlrWsr6ht82GH3WupfaXzssFkUkzBH917m-ljASjfaNe4zyC48R3_QdPJE8HdGJj3InZo2N2lSZGRRNtAgl5P6Cer0qJYaZjif0tnyaKK8lq-WKnqq7wbv1EyrUm-g2QA91YZ5H7IEmDARAN_NoqMay-R7bejlzrvB2Lt3Ex_glTFyExuYE0pGpcUhmyRWEA_VuMG7DYdQ9Y0uRkoizuSKcOGhMftwoQacE41j4AWLN7JjL_pkVbDAgzOvhg66QcNGdhb_tM3muJRsEkiYunqKFkztaXO69tVjHOLqz9-sREBwlweYXLVIFdhJOV5hBNDLkcGK3sg8Yw6L5RgExMZViKQrpigi6BRbsjsu5T6Q7UsXJydSs8_9bjjZF2lHHS5CCHcN_UUM8yyq8ioht_gtbJK150W_8mJZdwgCDwWMmPnIC7oVYbgjOkU-FBfBB_pgCkmEHdMEVw1m4UymPErVQpZ3p6sOwlgdnjpD7yOzz8Gu8LKm2xgrZQcPMkjXsKFS_gxEJri5ahYsjhv2rfwu5EzRIC-lowgWzc71vW4S4JTPQ_qiZWn16TxnnNdGodHMJLtf94BdZy2RIvxf6UOmcyci1-SYxCkfmA9D7f4ZsgP7ltbeUhn9mwAS9QGa5aRa87f5Ex1nWP_-9mpspAypR7fK4-Y1yd4dbN7aXtNctaMq70gm_MTmUswcp-VUGWtcfp8k7b3IHegWCXbGekh9scI3rv7JDd73y9yfTOBAVRf9CBJwnlpPFrMuubWhyIq0XPtC5UHDnJXcj5VEDHqmjekjj87CZJqxfDyKbMU4-O0Nw03NTKDMoCbcmnJnLtkrJnL-Xj8KbelqP_z-yM7eA0YO5Q596MkGKz6MG_RHQrnUZMHcA6A0irGZrDeIR1gAMlcoHtor6XUCsapYbAUdo_9GjHEXkwEi9HSZLNpL1IuUXACkaNF2ucqVLBbJtkyb28eXsvnnc6WUsJveZhFCMkKeyc0tgFDYsTfe8kmWWOryNfPDVTGQ_3Fzic2uBPCQJjFWb63hwZU1ovoqa3_MtK4q09_nmA-DBDRLzW5LjwntzDSDIOYr_o_fjgGItjuI6ncNVZVhvkEjG1jacehCuLT6DcptBNFJYNNSrC2XQqqnsC59WqnYf5q_XB6x5v-fBsMFcdGUQzDgCnHvNsBDRPsFdElmuk2PmTCodaLvKP2ZuL0VXyGxLc7y1qpjzR-6j2JCRIIjafs4PR877JJ5Gjlh-MRUCu2Q6tE8rcHSe_gupwfeaITo5hAwn9fmZDzaiw0lz3dHSSoyNXzYRpgYmte7zcAKDiwywVPwlGF0f5Ugjpfpot_DQiFWjByks3QNAwwo2EjhhoPlEw5wJiRRc6sHodgF9t0PaKvqG2J1a95HUILl6sfjlsw-hE2NvKLdzbUxsi16CwBYIjrU9nveTMDox7g9KdxNiSLbAKHNsqzoQyUcpmo26L5eVoZs7qtyt-7Vgr5I9u9b230X2Myz6pJ64ty5tT83sD-M6HjsO2TV5pRB45mFwvc60OcZrizIyFdTD5mY-esBgVeC3aTc90s97PmqRZWb7vVUbbqYp3lfJbrmCTmPtqyPhsortNI3xfFmvU8pXz8dOZrw60xdMsaRYa04l8tK3XXcpvBEmkQjXZjBTZ9PsrlxO07Gues4xbhcCr4T3vBGYZxpg7zr0XoY6k-wqjnP-bLY0xD7E02ptTqUkfrUI50lVVsUbUOR7y_-yUvSL2s01ioKRHXLHH5_AQ_C5LI2PNcIcqbGa_90qOp9R4ztn093f6jtZxhM_CLzqoNRcSoFgcATx8CLRv2Pyyla7O1Ur2JiZ-2qW3V2ZuPsF__e0xggfbPzEa5fnHBhuwn9OS1P-kFl9vJtsk_OwWBHwlJ5hC7hG4bu8xLrWt3Cfon23zONQtFc8zq6o2KFlKLeMs7oqUa_IKe4sWPPOFivU8ltXsrbcNzHxWAhV_3O884iXGTFJDewigRqa_bU22Rks2NQhpL-CkiJ0BPhs4fvyt4vCIlBxp9LnfPt0N8mRXtTKDanpriOz6V3eK33xU1EYPlTNDGVBiv7Oxzv_hMi-vPV8hbA_9jPMnZ9JAlroCPciTjfCPicFlYIQ0oj6fC0b47wkUXwgbHt_CpRdCmr-ONsG0BxQ2Xv2nGZ989EJF4zg8NHqfO2i55q3H-ksF5jhuaTgLfAwJaUKX8b_z8wGVwsu_3-z0hZUygVaOVn8z6Ek0x8D8XvIshDvxlZl8xt-PiBbISHJWwRduS5EMyUFM5ZNA6Yj70Qzy2Y7nn0pq6Jaqi3X1VhTQpvtlTRNudBP4u4lnk9PvMIeDpdnLEYj0AMgBbMQqqZRaThqMe3nEg0uRsYlOAvi5nC5FIabw1pzsB1wxnct5fhb3DXl7WTs6BKecSwkum4TTyyyZoHkLkG5CR59QbxX934XesHIPpge3PrlqEDHAKxXnwjyjxV0rTv34mRl0tcWOaDA-_itsstkA39widkDg4aagub_VNcgqg-qENnnPwtnZIshLmxytzlu1jeSwO2yPFbpsHQ80wYgFv8d8DKVJP_OQ8hsUbH5bz8Va0uoCMpPGZ-bV_J9JO3NUGDM30md-qNPm0BK2cPuQIDa7UAxv8_DSYwKQ9Gz3xsTP9n4sDjp0UVS1ymPLdEIYLZUw36e_5Bkm4rjWB8jmrepnYogkd5b2GzpYutB6Pi9sWHqTNdLvcLBKCzVkYkeaAiezsBHBN5qgH3w5SV8aiVYIezo25DM93qWObGnNOg1vwao8B6n83pG1UNGMMbCpDT97Ln_XcKGNZ2yAUWmlll9IXe5gauedOaRQAHhE6hcPVQTMUVkLdJjHmr47RLE3ZI8IaUsNQUtyszan19gfATXF7uVh83l2rSJjuKvOZWVicgR4TxnqFe8qizLtKITakfyQD0ER8TA1uM290cxAxuGTpCRBFPKP7kqlowf6zVFLNjhUTnbhR3S8_xDvkUDaj80Rvd7ICuAqsLe5hkXGspyXqZWvBgFHkkBz-OuHtV3PiGHVUGkatviXlt10xx6OHeFTrgkEw_gZzdHfW3rMua4lU-jSQUvJbPSumgV95vpeYBBSmxObsj_Z8EIhRI_LVAuh6GfD26bWyat-gSiSVfwcEXoPKgUUwTBCLpUewCh5Vlg1zeAvix1zJx8IuYZgP-OYzOgOmmHYadZWsE1utwJnMU1sDHke9ZP_CTHBfeWIBAz0ajHDJvzbqRXXcsssOPguOs7i3zUO5548Q4v5mG4ZAzP1prMi9eyASmZvPC03DlKkpP9UKYSBE254-HmSiBlwpBMV4tMQxtydUtcEHNuqhlC_Sjtycmzbj1wq2_WIN32-PKO-u5g1w7K24c8IT8bGkzysU0o7AcVtv9qTZGme5PlMERjSD8uYBrdCKGojcMpOpKnaZTZB4YljzKvyfcJg-Lgz78tFOvXH6oREKxP3exIFxhrYJgipemYEL1BKn8cVTgBaEYR5GDcdlVMptxr3sMOB-N84mVHNVAeeFCCS-uxchtbU3TG3eeiu9PP7omvHxm2_Xy1mzEf_GhDSRD926Ez6o9ASgyooI_Bwqf7uvgtw0McGh9PFNa2kTD2tMq_9P5OYlzgi0N4Uc8TMYMXlIqlJDpS6gM07lAd-33G9lJwQlQyc6DiczVhl_d4xJUV4YDOfacyXCjE2bvTTC837MzGmaer8jHjKopuUbmRNZuv2EYx2r4ijzVm6J_pc5_hfpaRhbo5uG4Lfc3pAzJdyD6z1HlaA8W5m9zTKtSszk-Ct9UWb1UU6kP-EzPTAZRGADBiCSpI9MuTPMYvC7AaVOlNX6RfdCaV_k_ZVc68O6yljYjUKbiuVUuvMwVAD785QY_MurBssquHvUtuoMupCO57IM5uqED-2EciFE-frT8HH6Yw876OX-HlB0cLVfN9P-3jl-NAcDADZCNCUk8cEJ6Bq08ixcJ_RMy5r7aq0RneR2q_oHUSOLbUBs2QEeG_MVzr0ExJQd4EARxKNQaaIYaJK_xqrLJOl0mc1C52csl_vmq08PELqRcfTkBu41l72KAc9zPeWHrSez4lW70yomHtx5mDwZ0WtFmBsEus9TnoNaqM-IsO0pmOV_b1KiLYiVzCwAeZjSyrRzbgByanKysA5l8oIdwnSm6kdNH7_nfSy2ORZ1smosxdnDshUY8kwUTdh0fLTK5jIjMacH47DKGSrNfpvzV3x_-fdSintqUH1C6G7VfQzHKJ5AoemiheVPElf3S69jOf38_DPsO3KRLjQro11zN8t9iqSx5HtYaEJlyx3WZRz00KnDFuWOinJ_PchdXq0hgL-GcPeAQ1gtAU1uUeyumop_VHX4FFUxAjJUu827evvIUXe8kyts-PRF76VHVTjdrYngrMY0LXlM71V6PuQQnFszURyK2YJ7D5Bp_jZjWbR4_sVL3oMsYKGpkRusf3n3Emy8_QgfazsglS9l4u_UYsZGYGr7FvrCB9vBJNCKZQSewVqoCsdTm8DYBvCs7UJS3idSurIRR10YFppohT_6avrIy-GpJuSFFvTNyxpJ4lEwOWH4InuOyOxNy1ZpG66zjJ_X1_KKph-cxXdwTKqocAzP_Od7lF0jwMd7cAwybuaqoTat9TSEGZY0I-IoFH_Z8cMWHafhEVXyskLaHCnNAo3iFm6xew3cNeorv8WQBgGS1fMpkqihfE6LDJ9cRcdr8PchvgiuxPwN00NLDf4TfA_H92lG3p9KmpEDVq2Yargr2_mj98kEwZz6fRPtibRf4yRKT_3ksQAp09aH6cuhedRoLUkOZzBaYudklnQ1K50dScfaeMsBpsAl579DlSk6iWb9voeWrBhENxiZKg42qNnHQf9_nBnoupOmzLhAXn_ADg08mehDjLNruc8oMzXdG_NcxxGth2OnV-DUex-7kZslY4vtyu8mqQmeyJQiXy4yQETpx6XTOBVL9-GVKXnwH262oQJL4GKQvrljZu-klwXUxRHjKGd8vBLTsiImCZkhHy7VXh65jCd-gJkxOkEwYWtOJoXPiW8d-k-AgBn54yKX5kX3yfq1fK5nJGsI_ATbk-zo6IOCxsLpFA_btB9kbfJuM_4mAFy3MT2iciA4CyaC00FgO8MJ38TZbLOli7qpPIqdR0RP4INvyNDl7IxAcrZcotTnmmcucdSidYmn6d7JkBvbES_iEljX3iQMoajvPdt5LjBMaxEqyFbDRD4K47Pj55pX6OEeITVJw6ieT9kHYKFg-1vEHNPtuHqZTREYzRm18zoVhXuXOEOVPqmSKaokGJYEGDkK1u36aX7TY4KINXDqsSgPD_6bVClkNIMki0fhBN9d6OpT_5UNxW5Xn3vQ7Guu0_iqbMDNojPn7KGPO8huIPh4VW3C3qwAFUj8B5est5oZGrKI--pPDLHo9rjd13qvKlrmaeVkVPSV6Ty3EPx8ZscT-fNh0EPqC9ZPjva1MY_lvJRW-k6aBCqtVUzzAmx3zHjlx5P2ZkPx6hHup_hjDHjI75AGNevYywGI99B3RhlsGzO-9o4m5f14uaiQ-YdbSgTQTgaitQBFBihLcLg4xO8GupHCFxxbvvPwhIR0u2bzejh0i6Jqbg2mOtnmWR8BrUK5gAeb_nvrWsab-j0CriljwID0K31NIVLtktX7mBA2wKumgf2UPlrdCojD47GjWS8RRWLTLqA6D6gCgb76eJAVlJG4tGFGEUsZH7Ze3tF8ruNeD5GrI2CaQtgM44kyZkg8i-lw0NEkHvCYTZTTyHgOwxi15tWJP1pFTSZj-zh_i04W7HnaDuL0zgyzms6DbnpnhbevPEK2D0_IViqjQhcnBMd2fz9zvEWJgG22GLAUUlduVY2rNx8NSElGpuFcsYiGwsSTbcJHUtuqvOioQv_iSVfyj6Lf5FhBJhAAVyLBDWs7R-TkidKLp8XWmtS0oSFZEiwyjPWHXsqbhQ-Os0-7S5zllvBXdWxhqoHUFjhUkoUIX8RgVFWO5Pkcc5-CgmXQ2HpM3PSKpG_D_rSWj4h4DOd471LFd0EQn6ekfpXUDipB5agfn1jg06zUJ4LqaxeJm_ZuhmUGLONC7gGQiK2nfcm9DqgxyK4yEvLn4RXxxQsYg6kIpX6qOVj904FxQrr8k-5dqZTtwhBApwrjLzhOY-6vb6NtTtwtsDPJ8KuMy1DahZ49R07vUFAKhjAJcB7G4YNG88QO4UDYm3pTypKMJaZnHyg85pjPnWyqkFjveBiPYGF8fu704pjSpBAEyGWREPiHA0nDYKudwe8VxFz6sRHc766I2mweiDseQm3rFpUDPaK3YGi9PPcz7akXV6svZM3lX28MYuvuwWt1w5StShrY9amtmAznyLYJv_9HC7Zpkf7EWlcHWtibEk8ykvvPdCQO5RO6vxTTkrmYpuSgI_lKPJhYmKtDV_B_5-qGW_vrBQYWRJA-V2-jw3-l51nwtF0PUQp4d7WuZZuQBTfGE_WJjkTayXX30uJLGuMtClfHWWrdCr75scGOj9ksZOALmOQhBaAqblX7zwq4amWDqgJodD675nFnU92rZP8Y1woQxPWrJBosMOysmm4ktP7nKHwvLSkYrx99cKiO3n05jNEEBCkAioMRajXB1cRdVuwPM4572h7GADn0uAnAkNX-azlU-sK8qxtPXPdCgoZ6gkC9vLic6WegQoIjoYUKZfd_kGLAF5sW1QNDvUHh7jAHiEHuB3vS9fcOs4pKSKDms9r-NBVbYYHWbN39IfCl0to6gj0m5jsQjKxqfxRMoDid6BVjxJHJHiU-qJzWAUillcnOTEgiHpVC-jCMCaAVjcobTQjBqG6ym7AKLrNVlwCGGigqLHk0Mi5fmaHzknB3H8DwUEiNH0rt56j5Stuj2LH7mryc8k1vc9iJtFGQfRasl21EUkt-eQ5rJCNQNH6ZKhpf02lx9wXeAwukMbL_zPiBJ416z0MgvtX-DMw1d3YPZt051ljFKG0MKobII8QUfV7BnkobvWrihnB8rlNGG-WgtYFJOkoQM2r4ikwyHWm05GgucY5RMZo3AggsGLcDVcuVA8xOxmCIxYIDc54nyqukbp_4SeMyOKFuk7oMeAvJyj456IkXYqWbzAXa8KUMDK6fVskNPl8ZM7plwskc5lSoQdGBFXotY_EZiFgcB-857qzB-6Rn_rSZT5ieA7qYGX1_yEBfpagqsLMjbzkhoVNU8xmhzS0uo1BZvObCW8Up_L_38GKYb9mjmOTFjm7Q0AD9vadGIQz2JLrMfGeKh3SSvrdxcDn74EjxB3lnGNmeGTbWsP0RXsTVtZTM2rH5JI3fgMsAo2bThrNVFnF9gqcf9U4JLwQ5mTzFgKvG5muSewysy2L4VK0WYQU45D12g2R9XtPuf-TwVZtHw-dGGIPhiFFmV5OoQVHPvdvNq1gcV5e-aZvXq_cUI_8UU44GLzc1PiwJOZ25fJcjXBbsqAO7m111VyoClQQrVBzABBUHdDZuUKz_hBTJsNTpcjwhteiXn6IJwW6NYYY74lrPiLd-ogSu45oKxL7ekcs3Gpi7z6ZRwpY8yFQUfIcd7iV_r0OG9mPo2rvzK1EsAoYW_6lk2nbcriaFFRXBVfJvc8cobmFoMr5lxx9l3mpPQCdDeVho20SCz_GlKyXL7e5ckgQNrYNRzCOU1OpP4atRvZFA2Rke8LJ41iHl-x3TSCHyCeeEJ1XKSO_Njk9nCmM6189gxQXlCDrr8EYJDndrY5ZFIW06wtuLWMV9fFF19cnsNrhlG8v6LDN5am2-jVaRlo95j_IjlWEBvAiUs3lft4HA1pmqsqN2ujtW2AffNbPHHQT09KKrmfRSADPmJaAYmBcSzR9scigomjYfBHJMiVze2fQw8-DE8vfP0e_uBKGDifIx17eK7lSuKL1TlA4sp6xM3whPlpee6o5zZrhEsAS6buneJiGgUwQd8BH8lc0dotESYTaxfmHbxWGiLy4yS-aNLlbugrV4uCxJg_AOblKc9DZ11lsDfEDrHOfPHIuvRRQ8giUWYNMDJwthR3MOr38VeL8Jqk62iRri1xv3_q3NTCFWukzWFaqnZk_HY38cAdxVs0jGQGbejWQB6cippmN2uBLjKYOZzFqk8suRliFBm7SWWmMlrbMkm25wNbhDmrjYEpiTldgFDYQK4oZe_sYZQUWQKmLxzikdBs66ELIoyhPQ6cvFB_PK9pkybFzkPQ9uP-s_SvWBUgq2BhnN19dqmlvlz93McjxduUS10xvbEu-R5UdzBNd2bE4NW4irxL78URxo57TDFa77JjpPdbscbTG_cYHONjqss22uLd-0o7QSCT_QX2-TNxvvh3Q9pWGWcaGm79BrhFeqdMtP2oCK6-V-8nwsDWX5NnO0LIO0oC__z_Jfr8cswDVxtViEJ-m8D-5tppkQUTAlewETrfqrZq7QUXkdsx9np-hxWSDeCz_Rve74u53U36oDTkBhV-GLoD61yvjqhGjIiri6itFJSIa-k6JXeaCkiUO9kj-O2CG1LVABivgiksVyww16uJFEwtvT32usdAPTFYIP5KibqGZq_xr_OH04iAwaMUTgUpakBzQYLXXYXUa9jkjabq7GXNg-Ec-7hR642tFZgHjQgcefNGucGpW9_m-91kOFfEEK4MHExO_MRwpCxdijH3QGcVGYOkIZnZR6Ome44h4h9Dz3eqF9G5SZ5uMPzUcokvV0xrjjMx3bq0bkBgUui-KUrIVdlpU6_YDCu0qmNaGZK3ZWuLayip83sDiWvPF0ysMVJ0_7w4ycSIrVUAaBzVXcAwWVUzVln2DrYR9OiYBbpMZnfpvl_5eGQSqtI8HcyRzR47wZvRt9Getc7bsL1DF5ulFfTjuqjuNe_32yvRhvltq4333gNq4S779p-7ltNDzcr60URurYLmiUYOpQ6GFqWLE0G8grrcV4eBx8wzw-nT27rA2DUh3cdsC6cAcURDEZjvxN_J6N-yHDcDMMXxvk5BWOEJGwCvIDVH_FUYLg4F-dHiKvU9JnL2Xtoz_LBBfdYPOlyVIGRcrYx2ZWNg9RrL1bQl2W0SU9A03bh4niVnEAbSX9ZGWg8ZDFGZSOM_DCRgcDrY7s0AsnWxrY2Ymaoh1HhCZ7WjLoCoUlrh4tZAJcnnyHOIjbBzbhDOHLesmTNMvZRVKPthJcPWer1ysvQPECT9klqrXe5cMRQUm7-fOzUlfg4iKUqvPEVSCO8eKnpjo5VmSJFcbMPewWX0fS2ZcXSyTR1J_xMJ_CziKPZCVcOPyVkWi9hrub91-agtE8kfjIczpAKr09aHbUGTS8HLy0grji7wJkwlGFK8fqB7p_MymialM37PorLhdTe-DC-XlWtkzH4XlMKg71AXHtF5RU1Ok0jjwuvk8tzqRuzgCxMcdOVCJu5XE5vOlHjRXt6ElH1x9VEIifhg0_FiopEEi4UQUvnjmjp9ISblXAj4fThfFXNiQMAOV3vXqJKrklfwTi6QCABLPWn72EMVVo8RqcEawzNSAAgF-XLPANsggFKcK-Rvfiz_jY3A4G5IT53vuzZV_0D-VepUXx4y-fsGBaoDMHvykDu4-ggiF1bSS-WqHSCM_nlq2Zm8_Qi-3YuDSmRTJdUFuUxey48uN1LIVf5keMoC6coaPoMYBs3KNlGAHItSZc-2E-3Qxb5TBFCauJp7FCncoAUPT6YPfC_Xvigi8-F6--qB_YKRLogRThd7pCh9LyaASBtJPX-VdF27bl_7bJOihAes8cU6qg0fXUoRGmBy8Rmji77D_2weuX2CTZ3jzaDnVaEfttNEA9nDs3rzLoA6qfkZJBQdIgnUMVDo_jUHBRkiYzEqQvhvPfSDxmAXr5ar-ZH7_qVD56HMfTd7OMjhAe4zmV2d2xH6TDBm36wqVWExVGMfMnYznbYKw8zgBT6btPdp8mhQ46GycGRgo08TdUVq0dB6yk2JqC58TcR44B_V2JMI3X7wCz4oxOiyVwQRH9p33hq3ZDJyb-D-B6627q5Xzix1IPVoOQNQ2486cLjb4UsDLH84Tj9pAzsTF1OB0LERyamP2RulNKUOT6XOzrB5JYhIiBxMlU2wJDXCMb4gLlTX12kPXQpGoDfN1zhIXnSGvCmf65oZIBby99Tq6P_MMWzzdRJZUEVp6CZ8nzkG0VwlUA4wJmyz9RHtzaby9Js0eQC288HatA4GoA0cbYrBcduoFQKRrRdgG7dv8YoTEWZixTdkzP3gjVMee9Cp5QCRQx1foje-Y3-g-p0a1-sMKOzr_nCGcfrqDsYhT7RstqgqTVuzs6RAN8Ckagen61xlyXJoBqZsO_iBXojjtnsbsFVkkRR7uy6c_pQKJHlFFApn238Is0iEAaCW4cB6_yxSujK4CuO5gXx7UV_7amOPaVoHy_yvGMjPXZASxuuzIVwP7bUEv-py2y6fJrNgf5zSx9m5r4U3h-Kp2SuW7yJTaPtCDgDAElM4mwvvrjLb6yQZGV_Ze9peq_HpUXshALRPtTDsB_lkcVFXW-tKSiBCYCtzHAzGegVN9oKyuNTI53OnrpRUN3xMhsH8UWg1YDBEmT3Qy-0Q6kqvapbT45ua1VpGR1ff3J3x6fHMgwexNFv3slaviavG9VIbY3Q5VkxdySBI_ZEkQtngQp-Mh8goPcqgWkPrTfktpITynO39te3852BwLeaIxd1BdUcH5DosSGZgHtUon7Cn-eUk133NS9VnEyPUi574IhFv6mSZDS03Sj8n_rqaKIqS8uZEJ-kzkgpEibGue6tDaME04ex4m9ifau3GRKhYNOnVWIXWPqcRFvATC8QQGwgrHv8JziBvqW6NjKxBPI17g9_7Ral9Q-RqyjtNrU0cc8u8THagmuWArvv_3_4W7r24n5KES_YhsJSEz0nxurb_2gohysrCB1JlBDGG1AuUsgD2q2soWYy7mxeD8i_w0_HZKjZ4LlQVjzqSbGerTPtogMSdECQyn1CnXhOoPNV5auNz74p6V2OytEuuWLijoAnK8jo1i3bGliKtRi0yUzmvOArV1qU6e6tyNFETidN2jCrcCtmiGWFQCD7MDKtgakpMNtBPlOGWW2_Jtj8h6rUTi12heAgqAZWKufwz6GTU6JEeQAVksFkAn6W1k0VekQYvIpUsjOhHRAJQf8fBSFF2J8GBg_231snEO5TznDFHON4lJborMcoUZAh6SHX85YO9UG3Jrkd6L7wGCo3d0ghAulR1DOiIzfKGlorqJtuQILZY5X07jMtD0WFZFxFOJ8zVRK3xTTUapY4A1ILkpRhivSCLjo4GvIlZrfa-tRZVjzcCE_32Y5HjZ9rxmd1yMA3cmU-gL5Akbr8TpSQ0dse7ACyP3Tu5QLxyqhukKoESQxwiEjZaYAnDvFm8JB6J4bRq8F5cBAYr3jOy77l_KBBBX7EwOW7geb6FeSXJ1JNjYc6cIRGe00dlo9Sx5W-r5OE8eHmAlPduQOeGvBArM5DiwsxM87xkkcdEX0FALs0n1dNKHV0t4tm2MebtELU7sezbeyXRGPt-JFPqL0G02RkBxuDGaHMHOmHPqd13qLfwQuqI1qiL8Teiq8TlQ3_1hxL-GrW-d_FCmwhEvH2VgObPyvufxVr5l0VGO1r41MHuBjiTT8N0NNmjKPdy8tihTAzlWCjk6dkhWHOXDuBYicv1eId5L6bAiZdoU8Z2gDxw6UNG3zT7zi1S5fX2nJQqDzJipWg6g_R7seUbYOrh9bdOLZ2mFcZwZ8iFxoe6uYn3g_Q6oU1Ugh2PA2npKzkT3RhsLXXS3xeRMy8WmMf3q8XQerjIeaQJcOJpZQNNtJMBe5nv7VRO9svNGXsuB21RIC3oHKs1uu7DeMFLYizKE7w-_JRA2IpCYQMh8jH9YO_Zp1FM99rCCU2qhYpmmwyI7qd7zr3xlOZCchBO6I9qYJUIp8uKEBVE5oNJdm0aaPIseyOY5FAgikrUPKDwZw1ogkPiQW4j51dnSxueyMAfmsR7GPLJXHhD_XfOvO8Ukx55lpSTjQl7dhr45kMqVhMMAjL6_JEj63xI9oyDYvii-PgiC9LNW4T0zYvuvSCYv9cG6WQZD7rtaB40-9iN5fJBYLu8Sh2OEUg0AY28w9j4JZOD3noFdHzrs7Nie6yvOrEck0hDwl777iSY9tiAJL1bAvKb1cGJpOjs_nl3v8_pWMDhH85hMWz_SNWmY61FecRPZwCAcNVG0Hnxs5OLl7Fxa_JBXpMzGzRW7CAcnAD_S_uDHTne4tX0AWcweqFBu0Nuv8nQVxqVrWcsDEOxGTpE-LBl163V9zidTxTqsbJ45mIpcTbNeTRNKrtA7xhD8UI_kJXPRaoyEOpCc6SA1DzP1OSDZJyT7ZAIRAMa5fcddE6oTDk1sBkIq4GGeA-CcsKHX9WT20OmiINaDENk7s6BPrVed10N4CRosSREJicpTpnjT_oKD2fVAOAKPw40PvIGGyEoF7SCjmmsecWN3lxlV067E2gTlRRGp2c4_jA6I3xwpSXbMG2t2M5SUB7j4Wt5bo0py_moqjB2tIjPHC9kytZITfcgDOBoSZjKAgQcB5r3guWQ0_CraX4RU4yZjOhHIxTJ69ZqOcRjrwBTEHbA2cwpfDKgJmhgJPEOFwl1N7vjOXrZotYDn0wJr7n4Eiz7LhiNO3O-xARNaMtBgEx8afe_CQIS3QuiKU3Zs_sosotuKSIA0IeOk57Sq5rGTC3Txh2xOM9vsIIAnwmXYD9zvcA1jSbsj9TChQM95DxeKbgq4RNzVEQmdZKSrEXE5-6Nvcn1WADce2eew5u32a2TWXfKa0OaJ8VYJ26n_g6ef_W-Of7gH1SGOro-XlZDjTjrUhTWsfk6r9TnYFIHkH7epJ0mL0l90q2Qy92wHaTgNt2t7rSHxuFozZEZrDyunNBWf1bMUkeqsTyBxnEaeBDGFPnC_BxMBvGGyfsNiMpuHFQ_pgUUo0x4PNlmGfx853NlRqaAvUCBQDTyMDU02Aq8gZHA42qcOR2-zLFUIZG3vgO6fPolh3IjnpyBahywx_HxU7nggqvsu89-KPFfyEzI6Lgdxsew93UGkBTo94v7ImtW7ViC8Kd3upvcozprvR_0PGYHuq0ouMyHKSWW34SiVICiPtVTZriwVaAqCL2taThvN4Pi211eGZf72qap6tQFNwUALOp1-bVe_r6csgYJYezrxCYsECrW9wtk7lyoAxBPtaTaoEeFTsg_ZXvYzJp47ieGvBzV4WRfeJ8lVPOotTmO_6OMrRjiQFoA10mzweQ_CZqYq1LEwiHdaITRuCiodrkh4FTwXb6yAjPsUJplaPX8yOqfP3h4uxmdtzGzms09qA1SKWYFVu61ucdF5rQpfblUxI_QT1_fhIKgzsXCGZLOzIP_7yp0z8qtFqmOfuIGqB0BwfLbHl3gtSHimjXFWfrwhXhKFZ1TQXmJTWEcGoQjATGamd4feLm3M8De3hiHHQaCFjEFDR7Ahf21wpdRZPvQyR-TqK5SkihyY7cI0emkr0aZ77ktszdNpAVbHz3jTKvOHvz-gkkR1eHeALJyJM8OOODN3klA_8b4dMS-BBurlzat4lfJbGu1Fmdij1w9Bx1hTYMd1sCWtX0ADkaGLbmb5evFiUFAkp81ARSxh8u-iujwrEDu-t8bCraFXFz2hdFuB2rF7Vs-DfpvxUJXCH_cxk8OkXcv9ipaob2_QmL32S5MYYRq49LLp5PWcqb2-_UQHLSt_ycuaFLc4AU-E59Lu-YxcbFBMtu2YjIz-dPp_bfbFoT91CyQWh7NDOilmeR1KxT0vzLbAvPFc_HIpl2T7MhMr21_qkDv0gS8wyB8YrfVP7nkWYaJ8EskAOmaRfSytGAQizevmYMp5JoysFzBE2k5iwJhhNYmlJzgASjqGUQdJ9bQj2x4GZqmpI6Y2kIU1y3mU0DBgJJR4RXJuoWqWAr7nvheAlLZeAibDrMAFlnarq7LAgWs8JKDWLIjKicmj0mzcUTDmNzTnk3STGrrdXs9K9jTPFB8PwB8coozkox_R1DDYSWepK5SmFdUzcmi-1TLa58YY2ziRNQa4Ho76TLxu-0Y6gGgTa5PqTyLFCI1mZliLbvBEqJSm3--DXoss7WHHZV', 'this is 16kb files', '14.01 KB.', '.html', 'surya', 1);

-- --------------------------------------------------------

--
-- Table structure for table `user_register`
--

CREATE TABLE `user_register` (
  `assign_id` int(11) NOT NULL,
  `user_name` varchar(50) NOT NULL,
  `user_lastname` varchar(50) NOT NULL,
  `gender` varchar(50) NOT NULL,
  `country` varchar(50) DEFAULT NULL,
  `state` varchar(50) DEFAULT NULL,
  `city` varchar(50) DEFAULT NULL,
  `date_of_birth` date NOT NULL,
  `addres` varchar(50) NOT NULL,
  `pincode` varchar(50) NOT NULL,
  `user_phone` bigint(20) NOT NULL,
  `user_email` varchar(100) DEFAULT NULL,
  `user_pwd` varchar(100) NOT NULL,
  `user_image` varchar(100) NOT NULL,
  `datetime_created` datetime(6) NOT NULL
) ENGINE=InnoDB DEFAULT CHARSET=utf8mb4;

--
-- Dumping data for table `user_register`
--

INSERT INTO `user_register` (`assign_id`, `user_name`, `user_lastname`, `gender`, `country`, `state`, `city`, `date_of_birth`, `addres`, `pincode`, `user_phone`, `user_email`, `user_pwd`, `user_image`, `datetime_created`) VALUES
(1, 'surya', 'anand', 'Male', 'Albania', 'Berat', 'Berat', '2022-05-04', 'jgnuyknlh426', '522002', 8919134556, 'suryaanand456@gmail.com', '123456', 'User/Profile-image/113_001_2.jpg', '2022-05-31 15:18:52.243737'),
(2, 'anand', 'demo', 'Male', 'Afghanistan', 'Kabul', 'Istalif', '2022-04-25', 'cjvkbh', '522002', 9989228601, 'surya123@gmail.com', 'Anand@123', 'User/Profile-image/11.jpg', '2022-05-31 15:23:11.395866'),
(3, 'surya', 'anand', 'Male', 'Argentina', 'Misiones', 'Bernardo de Irigoyen', '2022-05-23', 'fghj562', '522002', 1234567890, 'anand123@gmail.com', 'Anand@123', 'User/Profile-image/113_001_2.jpg', '2022-05-31 15:25:51.891816'),
(4, 'surya', 'anand', 'Other', 'Argentina', 'Misiones', 'Bonpland', '2022-05-10', 'dfhbj845', '522002', 1237894560, 'fchbj123@gmail.com', '123456', 'User/Profile-image/cartoon-chili-fire_119589-25.jpg', '2022-05-31 15:27:12.966766'),
(5, 'demo', 'demo', 'Male', 'Albania', 'Berat', 'Berat', '2022-04-25', 'xhcfgb', '522002', 4567891230, 'dtfygjukh123@gmail.com', '123456', 'User/Profile-image/2.jpg', '2022-05-31 15:28:47.415016'),
(6, 'demo1', 'dwmo', 'Male', 'Austria', 'Salzburg', 'Berndorf bei Salzburg', '2022-05-11', 'ydrfgbhlkm', '522002', 7891324560, 'suryaanandfvgjb123@gmail.com', '123456', 'User/Profile-image/logo3.png', '2022-05-31 15:30:20.866042'),
(7, 'demo', 'demo1', 'Male', 'Algeria', 'Saida', '\'Ain el Hadjar', '2022-05-04', 'dryfgtjkh', '522002', 123456789, 'fhgjbkn123@gmail.com', '123456', 'User/Profile-image/2_nbZv7YP.jpg', '2022-05-31 15:40:15.859655'),
(8, 'dfygukhi', 'dyfugihjo', 'Male', 'Albania', 'Durres', 'Durres', '2022-04-26', 'dyrfugijo', '522002', 7894561325, 'fgh123@gmail.com', '123456', 'User/Profile-image/705238.jpg', '2022-05-31 16:31:12.582393'),
(9, 'thcfjgv', 'cryvgubhj', 'Male', 'Albania', 'Diber', 'Bulqiz', '2022-04-26', 'yfcgukhj', '522002', 4561591235, 'suryaanand456789@gmail.com', '123456', 'User/Profile-image/92602046-singing-green-chili-character-cartoon-.jpg', '2022-05-31 17:07:11.595549');

--
-- Indexes for dumped tables
--

--
-- Indexes for table `auth_group`
--
ALTER TABLE `auth_group`
  ADD PRIMARY KEY (`id`),
  ADD UNIQUE KEY `name` (`name`);

--
-- Indexes for table `auth_group_permissions`
--
ALTER TABLE `auth_group_permissions`
  ADD PRIMARY KEY (`id`),
  ADD UNIQUE KEY `auth_group_permissions_group_id_permission_id_0cd325b0_uniq` (`group_id`,`permission_id`),
  ADD KEY `auth_group_permissio_permission_id_84c5c92e_fk_auth_perm` (`permission_id`);

--
-- Indexes for table `auth_permission`
--
ALTER TABLE `auth_permission`
  ADD PRIMARY KEY (`id`),
  ADD UNIQUE KEY `auth_permission_content_type_id_codename_01ab375a_uniq` (`content_type_id`,`codename`);

--
-- Indexes for table `auth_user`
--
ALTER TABLE `auth_user`
  ADD PRIMARY KEY (`id`),
  ADD UNIQUE KEY `username` (`username`);

--
-- Indexes for table `auth_user_groups`
--
ALTER TABLE `auth_user_groups`
  ADD PRIMARY KEY (`id`),
  ADD UNIQUE KEY `auth_user_groups_user_id_group_id_94350c0c_uniq` (`user_id`,`group_id`),
  ADD KEY `auth_user_groups_group_id_97559544_fk_auth_group_id` (`group_id`);

--
-- Indexes for table `auth_user_user_permissions`
--
ALTER TABLE `auth_user_user_permissions`
  ADD PRIMARY KEY (`id`),
  ADD UNIQUE KEY `auth_user_user_permissions_user_id_permission_id_14a6b632_uniq` (`user_id`,`permission_id`),
  ADD KEY `auth_user_user_permi_permission_id_1fbb5f2c_fk_auth_perm` (`permission_id`);

--
-- Indexes for table `django_admin_log`
--
ALTER TABLE `django_admin_log`
  ADD PRIMARY KEY (`id`),
  ADD KEY `django_admin_log_content_type_id_c4bce8eb_fk_django_co` (`content_type_id`),
  ADD KEY `django_admin_log_user_id_c564eba6_fk_auth_user_id` (`user_id`);

--
-- Indexes for table `django_content_type`
--
ALTER TABLE `django_content_type`
  ADD PRIMARY KEY (`id`),
  ADD UNIQUE KEY `django_content_type_app_label_model_76bd3d3b_uniq` (`app_label`,`model`);

--
-- Indexes for table `django_migrations`
--
ALTER TABLE `django_migrations`
  ADD PRIMARY KEY (`id`);

--
-- Indexes for table `django_session`
--
ALTER TABLE `django_session`
  ADD PRIMARY KEY (`session_key`),
  ADD KEY `django_session_expire_date_a5c62663` (`expire_date`);

--
-- Indexes for table `request_file`
--
ALTER TABLE `request_file`
  ADD PRIMARY KEY (`id`);

--
-- Indexes for table `request_token`
--
ALTER TABLE `request_token`
  ADD PRIMARY KEY (`id`);

--
-- Indexes for table `upload_file`
--
ALTER TABLE `upload_file`
  ADD PRIMARY KEY (`id`),
  ADD KEY `Upload_file_user_id_79fc73e1_fk_User_Register_assign_id` (`user_id`);

--
-- Indexes for table `user_register`
--
ALTER TABLE `user_register`
  ADD PRIMARY KEY (`assign_id`);

--
-- AUTO_INCREMENT for dumped tables
--

--
-- AUTO_INCREMENT for table `auth_group`
--
ALTER TABLE `auth_group`
  MODIFY `id` int(11) NOT NULL AUTO_INCREMENT;

--
-- AUTO_INCREMENT for table `auth_group_permissions`
--
ALTER TABLE `auth_group_permissions`
  MODIFY `id` bigint(20) NOT NULL AUTO_INCREMENT;

--
-- AUTO_INCREMENT for table `auth_permission`
--
ALTER TABLE `auth_permission`
  MODIFY `id` int(11) NOT NULL AUTO_INCREMENT, AUTO_INCREMENT=41;

--
-- AUTO_INCREMENT for table `auth_user`
--
ALTER TABLE `auth_user`
  MODIFY `id` int(11) NOT NULL AUTO_INCREMENT;

--
-- AUTO_INCREMENT for table `auth_user_groups`
--
ALTER TABLE `auth_user_groups`
  MODIFY `id` bigint(20) NOT NULL AUTO_INCREMENT;

--
-- AUTO_INCREMENT for table `auth_user_user_permissions`
--
ALTER TABLE `auth_user_user_permissions`
  MODIFY `id` bigint(20) NOT NULL AUTO_INCREMENT;

--
-- AUTO_INCREMENT for table `django_admin_log`
--
ALTER TABLE `django_admin_log`
  MODIFY `id` int(11) NOT NULL AUTO_INCREMENT;

--
-- AUTO_INCREMENT for table `django_content_type`
--
ALTER TABLE `django_content_type`
  MODIFY `id` int(11) NOT NULL AUTO_INCREMENT, AUTO_INCREMENT=11;

--
-- AUTO_INCREMENT for table `django_migrations`
--
ALTER TABLE `django_migrations`
  MODIFY `id` bigint(20) NOT NULL AUTO_INCREMENT, AUTO_INCREMENT=46;

--
-- AUTO_INCREMENT for table `request_file`
--
ALTER TABLE `request_file`
  MODIFY `id` int(11) NOT NULL AUTO_INCREMENT, AUTO_INCREMENT=38;

--
-- AUTO_INCREMENT for table `request_token`
--
ALTER TABLE `request_token`
  MODIFY `id` int(11) NOT NULL AUTO_INCREMENT, AUTO_INCREMENT=11;

--
-- AUTO_INCREMENT for table `upload_file`
--
ALTER TABLE `upload_file`
  MODIFY `id` int(11) NOT NULL AUTO_INCREMENT, AUTO_INCREMENT=153;

--
-- AUTO_INCREMENT for table `user_register`
--
ALTER TABLE `user_register`
  MODIFY `assign_id` int(11) NOT NULL AUTO_INCREMENT, AUTO_INCREMENT=10;

--
-- Constraints for dumped tables
--

--
-- Constraints for table `auth_group_permissions`
--
ALTER TABLE `auth_group_permissions`
  ADD CONSTRAINT `auth_group_permissio_permission_id_84c5c92e_fk_auth_perm` FOREIGN KEY (`permission_id`) REFERENCES `auth_permission` (`id`),
  ADD CONSTRAINT `auth_group_permissions_group_id_b120cbf9_fk_auth_group_id` FOREIGN KEY (`group_id`) REFERENCES `auth_group` (`id`);

--
-- Constraints for table `auth_permission`
--
ALTER TABLE `auth_permission`
  ADD CONSTRAINT `auth_permission_content_type_id_2f476e4b_fk_django_co` FOREIGN KEY (`content_type_id`) REFERENCES `django_content_type` (`id`);

--
-- Constraints for table `auth_user_groups`
--
ALTER TABLE `auth_user_groups`
  ADD CONSTRAINT `auth_user_groups_group_id_97559544_fk_auth_group_id` FOREIGN KEY (`group_id`) REFERENCES `auth_group` (`id`),
  ADD CONSTRAINT `auth_user_groups_user_id_6a12ed8b_fk_auth_user_id` FOREIGN KEY (`user_id`) REFERENCES `auth_user` (`id`);

--
-- Constraints for table `auth_user_user_permissions`
--
ALTER TABLE `auth_user_user_permissions`
  ADD CONSTRAINT `auth_user_user_permi_permission_id_1fbb5f2c_fk_auth_perm` FOREIGN KEY (`permission_id`) REFERENCES `auth_permission` (`id`),
  ADD CONSTRAINT `auth_user_user_permissions_user_id_a95ead1b_fk_auth_user_id` FOREIGN KEY (`user_id`) REFERENCES `auth_user` (`id`);

--
-- Constraints for table `django_admin_log`
--
ALTER TABLE `django_admin_log`
  ADD CONSTRAINT `django_admin_log_content_type_id_c4bce8eb_fk_django_co` FOREIGN KEY (`content_type_id`) REFERENCES `django_content_type` (`id`),
  ADD CONSTRAINT `django_admin_log_user_id_c564eba6_fk_auth_user_id` FOREIGN KEY (`user_id`) REFERENCES `auth_user` (`id`);

--
-- Constraints for table `upload_file`
--
ALTER TABLE `upload_file`
  ADD CONSTRAINT `Upload_file_user_id_79fc73e1_fk_User_Register_assign_id` FOREIGN KEY (`user_id`) REFERENCES `user_register` (`assign_id`);
COMMIT;

/*!40101 SET CHARACTER_SET_CLIENT=@OLD_CHARACTER_SET_CLIENT */;
/*!40101 SET CHARACTER_SET_RESULTS=@OLD_CHARACTER_SET_RESULTS */;
/*!40101 SET COLLATION_CONNECTION=@OLD_COLLATION_CONNECTION */;
